ImieNazwisko,OkregNr,OkregMiejscowość,DataUrodzenia,MiejsceUrodzenia,Wyksztalcenie,Wybrany,Klub,Lista,KlubSkrot
"Adam Abramowicz","7","Chełm","10-03-1961","Biała Podlaska","wyższe","25.10.2015 00:00:00","Klub Parlamentarny Prawo i Sprawiedliwość","Prawo i Sprawiedliwość","PiS"
"Andrzej Adamczyk","13","Kraków","04-01-1959","Krzeszowice","wyższe","25.10.2015 00:00:00","Klub Parlamentarny Prawo i Sprawiedliwość","Prawo i Sprawiedliwość","PiS"
"Zbigniew Ajchler","38","Piła","21-11-1955","Szamotuły","wyższe","25.10.2015 00:00:00","Klub Parlamentarny Platforma Obywatelska","Platforma Obywatelska","PO"
"Adam Andruszkiewicz","24","Białystok","30-06-1990","Grajewo","wyższe","25.10.2015 00:00:00","Klub Poselski Kukiz'15","Kukiz'15","Kukiz15"
"Waldemar Andzel","32","Sosnowiec","17-09-1971","Czeladź","wyższe","25.10.2015 00:00:00","Klub Parlamentarny Prawo i Sprawiedliwość","Prawo i Sprawiedliwość","PiS"
"Piotr Apel","9","Łódź","08-02-1984","Warszawa","średnie ogólne","25.10.2015 00:00:00","Klub Poselski Kukiz'15","Kukiz'15","Kukiz15"
"Dorota Arciszewska-Mielewczyk","26","Gdynia","16-02-1968","Gdynia","wyższe","25.10.2015 00:00:00","Klub Parlamentarny Prawo i Sprawiedliwość","Prawo i Sprawiedliwość","PiS"
"Jan Krzysztof Ardanowski","5","Toruń","11-02-1961","Czernikowo","wyższe","25.10.2015 00:00:00","Klub Parlamentarny Prawo i Sprawiedliwość","Prawo i Sprawiedliwość","PiS"
"Iwona Arent","35","Olsztyn","04-06-1968","Olsztyn","wyższe","25.10.2015 00:00:00","Klub Parlamentarny Prawo i Sprawiedliwość","Prawo i Sprawiedliwość","PiS"
"Bartosz Arłukowicz","41","Szczecin","30-12-1971","Resko","wyższe","25.10.2015 00:00:00","Klub Parlamentarny Platforma Obywatelska","Platforma Obywatelska","PO"
"Paweł Arndt","37","Konin","21-01-1954","Gniezno","wyższe","25.10.2015 00:00:00","Klub Parlamentarny Platforma Obywatelska","Platforma Obywatelska","PO"
"Marek Ast","8","Zielona","27-09-1958","Zielona Góra","wyższe","25.10.2015 00:00:00","Klub Parlamentarny Prawo i Sprawiedliwość","Prawo i Sprawiedliwość","PiS"
"Urszula Augustyn","15","Tarnów","01-09-1964","Tarnów","wyższe","25.10.2015 00:00:00","Klub Parlamentarny Platforma Obywatelska","Platforma Obywatelska","PO"
"Joanna Augustynowska","3","Wrocław","14-06-1979","Głogów","wyższe","25.10.2015 00:00:00","Klub Poselski Nowoczesna","Nowoczesna Ryszarda Petru","N"
"Tadeusz Aziewicz","26","Gdynia","31-10-1960","Sopot","wyższe","25.10.2015 00:00:00","Klub Parlamentarny Platforma Obywatelska","Platforma Obywatelska","PO"
"Zbigniew Babalski","34","Elbląg","27-04-1953","Ostróda","wyższe","25.10.2015 00:00:00","Klub Parlamentarny Prawo i Sprawiedliwość","Prawo i Sprawiedliwość","PiS"
"Piotr Łukasz Babiarz","3","Wrocław","03-02-1975","Wrocław","wyższe","25.10.2015 00:00:00","Klub Parlamentarny Prawo i Sprawiedliwość","Prawo i Sprawiedliwość","PiS"
"Piotr Babinetz","22","Krosno","09-09-1969","Krosno","wyższe","25.10.2015 00:00:00","Klub Parlamentarny Prawo i Sprawiedliwość","Prawo i Sprawiedliwość","PiS"
"Wojciech Bakun","22","Krosno","29-01-1981","Przemyśl","średnie policelane/pomaturalne","25.10.2015 00:00:00","Klub Poselski Kukiz'15","Kukiz'15","Kukiz15"
"Paweł Bańkowski","32","Sosnowiec","01-09-1969","Jaworzno","wyższe","25.10.2015 00:00:00","Klub Parlamentarny Platforma Obywatelska","Platforma Obywatelska","PO"
"Ryszard Bartosik","37","Konin","11-01-1968","Turek","wyższe","25.10.2015 00:00:00","Klub Parlamentarny Prawo i Sprawiedliwość","Prawo i Sprawiedliwość","PiS"
"Barbara Bartuś","14","Nowy","03-07-1967","Gorlice","wyższe","25.10.2015 00:00:00","Klub Parlamentarny Prawo i Sprawiedliwość","Prawo i Sprawiedliwość","PiS"
"Mieczysław Kazimierz Baszko","24","Białystok","26-06-1961","Boratyńszczyzna","wyższe","25.10.2015 00:00:00","Klub Parlamentarny Polskiego Stronnictwa Ludowego","Polskie Stronnictwo Ludowe","PSL"
"Dariusz Bąk","17","Radom","04-01-1958","Mogielnica","wyższe","25.10.2015 00:00:00","Klub Parlamentarny Prawo i Sprawiedliwość","Prawo i Sprawiedliwość","PiS"
"Paweł Bejda","11","Sieradz","13-10-1962","Łowicz","wyższe","25.10.2015 00:00:00","Klub Parlamentarny Polskiego Stronnictwa Ludowego","Polskie Stronnictwo Ludowe","PSL"
"Włodzimierz Bernacki","15","Tarnów","17-02-1960","Proszowice","wyższe","25.10.2015 00:00:00","Klub Parlamentarny Prawo i Sprawiedliwość","Prawo i Sprawiedliwość","PiS"
"Anna Białkowska","17","Radom","03-09-1971","Radom","wyższe","25.10.2015 00:00:00","Klub Parlamentarny Platforma Obywatelska","Platforma Obywatelska","PO"
"Jerzy Bielecki","6","Lublin","19-11-1969","Janów Lubelski","wyższe","25.10.2015 00:00:00","Klub Parlamentarny Prawo i Sprawiedliwość","Prawo i Sprawiedliwość","PiS"
"Marek Biernacki","26","Gdynia","28-04-1959","Sopot","wyższe","25.10.2015 00:00:00","Klub Parlamentarny Platforma Obywatelska","Platforma Obywatelska","PO"
"Zbigniew Biernat","12","Chrzanów","13-11-1963","Zator","wyższe","25.10.2015 00:00:00","Klub Parlamentarny Prawo i Sprawiedliwość","Prawo i Sprawiedliwość","PiS"
"Mariusz Błaszczak","20","Warszawa","19-09-1969","Legionowo","wyższe","25.10.2015 00:00:00","Klub Parlamentarny Prawo i Sprawiedliwość","Prawo i Sprawiedliwość","PiS"
"Magdalena Błeńska","25","Gdańsk","22-03-1983","Gdynia","wyższe","25.10.2015 00:00:00","Klub Poselski Kukiz'15","Kukiz'15","Kukiz15"
"Jacek Bogucki","24","Białystok","13-02-1959","Wysokie Mazowieckie","wyższe","25.10.2015 00:00:00","Klub Parlamentarny Prawo i Sprawiedliwość","Prawo i Sprawiedliwość","PiS"
"Jerzy Borowczak","25","Gdańsk","15-11-1957","Białogard","średnie zawodowe","25.10.2015 00:00:00","Klub Parlamentarny Platforma Obywatelska","Platforma Obywatelska","PO"
"Joanna Borowiak","5","Toruń","20-08-1967","Włocławek","wyższe","25.10.2015 00:00:00","Klub Parlamentarny Prawo i Sprawiedliwość","Prawo i Sprawiedliwość","PiS"
"Agata Borowiec","7","Chełm","13-06-1987","Biłgoraj","wyższe","25.10.2015 00:00:00","Klub Parlamentarny Prawo i Sprawiedliwość","Prawo i Sprawiedliwość","PiS"
"Elżbieta Borowska","14","Nowy","13-10-1988","Gorlice","wyższe","25.10.2015 00:00:00","Klub Poselski Kukiz'15","Kukiz'15","Kukiz15"
"Bożena Borys-Szopa","31","Katowice","11-03-1954","Lędziny","wyższe","25.10.2015 00:00:00","Klub Parlamentarny Prawo i Sprawiedliwość","Prawo i Sprawiedliwość","PiS"
"Krzysztof Brejza","4","Bydgoszcz","16-05-1983","Bydgoszcz","wyższe","25.10.2015 00:00:00","Klub Parlamentarny Platforma Obywatelska","Platforma Obywatelska","PO"
"Joachim Brudziński","41","Szczecin","04-02-1968","Świerklaniec","wyższe","25.10.2015 00:00:00","Klub Parlamentarny Prawo i Sprawiedliwość","Prawo i Sprawiedliwość","PiS"
"Józef Brynkus","12","Chrzanów","05-04-1962","Nowy Targ","wyższe","25.10.2015 00:00:00","Klub Poselski Kukiz'15","Kukiz'15","Kukiz15"
"Barbara Bubula","13","Kraków","04-03-1963","Kraków","wyższe","25.10.2015 00:00:00","Klub Parlamentarny Prawo i Sprawiedliwość","Prawo i Sprawiedliwość","PiS"
"Wojciech Buczak","23","Rzeszów","06-02-1955","Rzeszów","wyższe","25.10.2015 00:00:00","Klub Parlamentarny Prawo i Sprawiedliwość","Prawo i Sprawiedliwość","PiS"
"Waldemar Buda","9","Łódź","21-09-1982","Turek","wyższe","25.10.2015 00:00:00","Klub Parlamentarny Prawo i Sprawiedliwość","Prawo i Sprawiedliwość","PiS"
"Borys Budka","29","Gliwice","11-03-1978","Czeladź","wyższe","25.10.2015 00:00:00","Klub Parlamentarny Platforma Obywatelska","Platforma Obywatelska","PO"
"Bożenna Bukiewicz","8","Zielona","14-02-1952","Żary","wyższe","25.10.2015 00:00:00","Klub Parlamentarny Platforma Obywatelska","Platforma Obywatelska","PO"
"Lidia Burzyńska","28","Częstochowa","27-08-1964","Rzeki Wielkie","wyższe","25.10.2015 00:00:00","Klub Parlamentarny Prawo i Sprawiedliwość","Prawo i Sprawiedliwość","PiS"
"Małgorzata Chmiel","25","Gdańsk","01-05-1953","Gdańsk","wyższe","25.10.2015 00:00:00","Klub Parlamentarny Platforma Obywatelska","Platforma Obywatelska","PO"
"Zbigniew Chmielowiec","23","Rzeszów","22-09-1954","Kolbuszowa","wyższe","25.10.2015 00:00:00","Klub Parlamentarny Prawo i Sprawiedliwość","Prawo i Sprawiedliwość","PiS"
"Barbara Chrobak","32","Sosnowiec","10-09-1965","Braniewo","wyższe","25.10.2015 00:00:00","Klub Poselski Kukiz'15","Kukiz'15","Kukiz15"
"Sylwester Chruszcz","41","Szczecin","22-08-1972","Głogów","wyższe","25.10.2015 00:00:00","Klub Poselski Kukiz'15","Kukiz'15","Kukiz15"
"Alicja Chybicka","3","Wrocław","10-05-1951","Wałbrzych","wyższe","25.10.2015 00:00:00","Klub Parlamentarny Platforma Obywatelska","Platforma Obywatelska","PO"
"Janusz Cichoń","35","Olsztyn","07-01-1957","Bytom","wyższe","25.10.2015 00:00:00","Klub Parlamentarny Platforma Obywatelska","Platforma Obywatelska","PO"
"Michał Cieślak","33","Kielce","09-12-1974","Dąbrowa Tarnowska","wyższe","25.10.2015 00:00:00","Klub Parlamentarny Prawo i Sprawiedliwość","Prawo i Sprawiedliwość","PiS"
"Piotr Cieśliński","34","Elbląg","08-08-1978","Olsztyn","wyższe","25.10.2015 00:00:00","Klub Parlamentarny Platforma Obywatelska","Platforma Obywatelska","PO"
"Tomasz Cimoszewicz","24","Białystok","16-10-1979","Warszawa","średnie ogólne","25.10.2015 00:00:00","Klub Parlamentarny Platforma Obywatelska","Platforma Obywatelska","PO"
"Tadeusz Cymański","25","Gdańsk","06-06-1955","Nowy Staw","wyższe","25.10.2015 00:00:00","Klub Parlamentarny Prawo i Sprawiedliwość","Prawo i Sprawiedliwość","PiS"
"Adam Cyrański","33","Kielce","29-03-1960","Kielce","wyższe","25.10.2015 00:00:00","Klub Poselski Nowoczesna","Nowoczesna Ryszarda Petru","N"
"Krzysztof Czabański","5","Toruń","04-10-1948","Warszawa","wyższe","25.10.2015 00:00:00","Klub Parlamentarny Prawo i Sprawiedliwość","Prawo i Sprawiedliwość","PiS"
"Przemysław Czarnecki","3","Wrocław","12-09-1983","Wrocław","średnie ogólne","25.10.2015 00:00:00","Klub Parlamentarny Prawo i Sprawiedliwość","Prawo i Sprawiedliwość","PiS"
"Witold Czarnecki","37","Konin","12-04-1953","Murowana Goślina","wyższe","25.10.2015 00:00:00","Klub Parlamentarny Prawo i Sprawiedliwość","Prawo i Sprawiedliwość","PiS"
"Arkadiusz Czartoryski","18","Siedlce","14-04-1966","Ostrołęka","wyższe","25.10.2015 00:00:00","Klub Parlamentarny Prawo i Sprawiedliwość","Prawo i Sprawiedliwość","PiS"
"Anna Czech","15","Tarnów","31-05-1953","Tarnów","wyższe","25.10.2015 00:00:00","Klub Parlamentarny Prawo i Sprawiedliwość","Prawo i Sprawiedliwość","PiS"
"Zofia Czernow","1","Legnica","30-09-1950","Wola Obszańska","wyższe","25.10.2015 00:00:00","Klub Parlamentarny Platforma Obywatelska","Platforma Obywatelska","PO"
"Anita Czerwińska","20","Warszawa","13-01-1970","Warszawa","wyższe","25.10.2015 00:00:00","Klub Parlamentarny Prawo i Sprawiedliwość","Prawo i Sprawiedliwość","PiS"
"Andrzej Czerwiński","14","Nowy","08-11-1954","Nowy Sącz","wyższe","25.10.2015 00:00:00","Klub Parlamentarny Platforma Obywatelska","Platforma Obywatelska","PO"
"Grzegorz Długi","31","Katowice","16-06-1955","Katowice","wyższe","25.10.2015 00:00:00","Klub Poselski Kukiz'15","Kukiz'15","Kukiz15"
"Leszek Dobrzyński","41","Szczecin","05-06-1967","Szczecin","wyższe","25.10.2015 00:00:00","Klub Parlamentarny Prawo i Sprawiedliwość","Prawo i Sprawiedliwość","PiS"
"Zbigniew Dolata","37","Konin","01-12-1965","Koźmin","wyższe","25.10.2015 00:00:00","Klub Parlamentarny Prawo i Sprawiedliwość","Prawo i Sprawiedliwość","PiS"
"Barbara Dolniak","32","Sosnowiec","12-09-1960","Bytom","wyższe","25.10.2015 00:00:00","Klub Poselski Nowoczesna","Nowoczesna Ryszarda Petru","N"
"Ewa Drozd","1","Legnica","08-10-1963","Stąporków","wyższe","25.10.2015 00:00:00","Klub Parlamentarny Platforma Obywatelska","Platforma Obywatelska","PO"
"Antoni Duda","21","Opole","25-12-1950","Stary Sącz","wyższe","25.10.2015 00:00:00","Klub Parlamentarny Prawo i Sprawiedliwość","Prawo i Sprawiedliwość","PiS"
"Elżbieta Duda","13","Kraków","20-11-1962","Skała","średnie policelane/pomaturalne","25.10.2015 00:00:00","Klub Parlamentarny Prawo i Sprawiedliwość","Prawo i Sprawiedliwość","PiS"
"Jan Duda","14","Nowy","17-05-1960","Nowy Sącz","średnie policelane/pomaturalne","25.10.2015 00:00:00","Klub Parlamentarny Prawo i Sprawiedliwość","Prawo i Sprawiedliwość","PiS"
"Artur Dunin","11","Sieradz","10-03-1969","Lublin","wyższe","25.10.2015 00:00:00","Klub Parlamentarny Platforma Obywatelska","Platforma Obywatelska","PO"
"Marcin Duszek","7","Chełm","10-02-1982","Łosice","wyższe","25.10.2015 00:00:00","Klub Parlamentarny Prawo i Sprawiedliwość","Prawo i Sprawiedliwość","PiS"
"Michał Dworczyk","2","Wałbrzych","22-07-1975","Warszawa","wyższe","25.10.2015 00:00:00","Klub Parlamentarny Prawo i Sprawiedliwość","Prawo i Sprawiedliwość","PiS"
"Jan Dziedziczak","36","Kalisz","03-08-1981","Warszawa","wyższe","25.10.2015 00:00:00","Klub Parlamentarny Prawo i Sprawiedliwość","Prawo i Sprawiedliwość","PiS"
"Waldy Dzikowski","39","Poznań","23-07-1959","Wschowa","wyższe","25.10.2015 00:00:00","Klub Parlamentarny Platforma Obywatelska","Platforma Obywatelska","PO"
"Tadeusz Dziuba","39","Poznań","17-12-1948","Poznań","wyższe","25.10.2015 00:00:00","Klub Parlamentarny Prawo i Sprawiedliwość","Prawo i Sprawiedliwość","PiS"
"Barbara Dziuk","29","Gliwice","02-12-1968","Tarnowskie Góry","wyższe","25.10.2015 00:00:00","Klub Parlamentarny Prawo i Sprawiedliwość","Prawo i Sprawiedliwość","PiS"
"Joanna Fabisiak","19","Warszawa","07-07-1950","Warszawa","wyższe","25.10.2015 00:00:00","Klub Parlamentarny Platforma Obywatelska","Platforma Obywatelska","PO"
"Jacek Falfus","27","Bielsko","01-02-1951","Siemianowice Śląskie","wyższe","25.10.2015 00:00:00","Klub Parlamentarny Prawo i Sprawiedliwość","Prawo i Sprawiedliwość","PiS"
"Ewa Filipiak","12","Chrzanów","29-03-1957","Kraków","wyższe","25.10.2015 00:00:00","Klub Parlamentarny Prawo i Sprawiedliwość","Prawo i Sprawiedliwość","PiS"
"Joanna Frydrych","22","Krosno","13-01-1978","Krosno","wyższe","25.10.2015 00:00:00","Klub Parlamentarny Platforma Obywatelska","Platforma Obywatelska","PO"
"Grzegorz Furgo","26","Gdynia","07-04-1957","Gdańsk","wyższe","25.10.2015 00:00:00","Klub Poselski Nowoczesna","Nowoczesna Ryszarda Petru","N"
"Krzysztof Gadowski","30","Rybnik","14-08-1962","Bochnia","wyższe","25.10.2015 00:00:00","Klub Parlamentarny Platforma Obywatelska","Platforma Obywatelska","PO"
"Kinga Gajewska-Płochocka","20","Warszawa","22-07-1990","Warszawa","wyższe","25.10.2015 00:00:00","Klub Parlamentarny Platforma Obywatelska","Platforma Obywatelska","PO"
"Leszek Galemba","37","Konin","07-03-1966","Koło","średnie zawodowe","25.10.2015 00:00:00","Klub Parlamentarny Prawo i Sprawiedliwość","Prawo i Sprawiedliwość","PiS"
"Ryszard Galla","21","Opole","22-07-1956","Wrocław","wyższe","25.10.2015 00:00:00","Poseł niezrzeszony","Mniejszość Niemiecka","niez."
"Elżbieta Gapińska","16","Płock","03-10-1960","Płock","wyższe","25.10.2015 00:00:00","Klub Parlamentarny Platforma Obywatelska","Platforma Obywatelska","PO"
"Kamila Gasiuk-Pihowicz","20","Warszawa","08-05-1983","Warszawa","wyższe","25.10.2015 00:00:00","Klub Poselski Nowoczesna","Nowoczesna Ryszarda Petru","N"
"Zdzisław Gawlik","23","Rzeszów","12-09-1960","Dębica","wyższe","25.10.2015 00:00:00","Klub Parlamentarny Platforma Obywatelska","Platforma Obywatelska","PO"
"Stanisław Gawłowski","40","Koszalin","27-11-1968","Brzeg","wyższe","25.10.2015 00:00:00","Klub Parlamentarny Platforma Obywatelska","Platforma Obywatelska","PO"
"Andrzej Gawron","28","Częstochowa","06-01-1965","Kochcice","średnie zawodowe","25.10.2015 00:00:00","Klub Parlamentarny Prawo i Sprawiedliwość","Prawo i Sprawiedliwość","PiS"
"Lidia Gądek","13","Kraków","11-01-1967","Wolbrom","wyższe","25.10.2015 00:00:00","Klub Parlamentarny Platforma Obywatelska","Platforma Obywatelska","PO"
"Elżbieta Gelert","34","Elbląg","22-04-1955","Gdańsk","wyższe","25.10.2015 00:00:00","Klub Parlamentarny Platforma Obywatelska","Platforma Obywatelska","PO"
"Artur Gierada","33","Kielce","21-04-1979","Kielce","wyższe","25.10.2015 00:00:00","Klub Parlamentarny Platforma Obywatelska","Platforma Obywatelska","PO"
"Szymon Giżyński","28","Częstochowa","08-03-1956","Częstochowa","wyższe","25.10.2015 00:00:00","Klub Parlamentarny Prawo i Sprawiedliwość","Prawo i Sprawiedliwość","PiS"
"Teresa Glenc","30","Rybnik","27-05-1958","Gorzyczki","wyższe","25.10.2015 00:00:00","Klub Parlamentarny Prawo i Sprawiedliwość","Prawo i Sprawiedliwość","PiS"
"Piotr Gliński","9","Łódź","20-04-1954","Warszawa","wyższe","25.10.2015 00:00:00","Klub Parlamentarny Prawo i Sprawiedliwość","Prawo i Sprawiedliwość","PiS"
"Konrad Głębocki","28","Częstochowa","13-05-1972","Częstochowa","wyższe","25.10.2015 00:00:00","Klub Parlamentarny Prawo i Sprawiedliwość","Prawo i Sprawiedliwość","PiS"
"Tomasz Głogowski","29","Gliwice","30-12-1974","Tarnowskie Góry","wyższe","25.10.2015 00:00:00","Klub Parlamentarny Platforma Obywatelska","Platforma Obywatelska","PO"
"Krzysztof Głuchowski","6","Lublin","02-08-1956","Łuków","średnie zawodowe","25.10.2015 00:00:00","Klub Parlamentarny Prawo i Sprawiedliwość","Prawo i Sprawiedliwość","PiS"
"Marta Golbik","29","Gliwice","14-04-1985","Gliwice","wyższe","25.10.2015 00:00:00","Klub Poselski Nowoczesna","Nowoczesna Ryszarda Petru","N"
"Małgorzata Golińska","40","Koszalin","30-10-1980","Szczecinek","wyższe","25.10.2015 00:00:00","Klub Parlamentarny Prawo i Sprawiedliwość","Prawo i Sprawiedliwość","PiS"
"Kazimierz Gołojuch","23","Rzeszów","05-02-1964","Łańcut","wyższe","25.10.2015 00:00:00","Klub Parlamentarny Prawo i Sprawiedliwość","Prawo i Sprawiedliwość","PiS"
"Jarosław Gonciarz","29","Gliwice","28-04-1970","Czeladź","średnie policelane/pomaturalne","25.10.2015 00:00:00","Klub Parlamentarny Prawo i Sprawiedliwość","Prawo i Sprawiedliwość","PiS"
"Małgorzata Gosiewska","19","Warszawa","22-07-1966","Gdańsk","średnie ogólne","25.10.2015 00:00:00","Klub Parlamentarny Prawo i Sprawiedliwość","Prawo i Sprawiedliwość","PiS"
"Jerzy Gosiewski","35","Olsztyn","20-11-1952","Maków Mazowiecki","wyższe","25.10.2015 00:00:00","Klub Parlamentarny Prawo i Sprawiedliwość","Prawo i Sprawiedliwość","PiS"
"Jarosław Gowin","13","Kraków","04-12-1961","Kraków","wyższe","25.10.2015 00:00:00","Klub Parlamentarny Prawo i Sprawiedliwość","Prawo i Sprawiedliwość","PiS"
"Artur Górski","19","Warszawa","30-01-1970","Warszawa","wyższe","25.10.2015 00:00:00","Klub Parlamentarny Prawo i Sprawiedliwość","Prawo i Sprawiedliwość","PiS"
"Cezary Grabarczyk","9","Łódź","26-04-1960","Łódź","wyższe","25.10.2015 00:00:00","Klub Parlamentarny Platforma Obywatelska","Platforma Obywatelska","PO"
"Jan Grabiec","20","Warszawa","02-11-1972","Legionowo","wyższe","25.10.2015 00:00:00","Klub Parlamentarny Platforma Obywatelska","Platforma Obywatelska","PO"
"Paweł Grabowski","21","Opole","19-08-1986","Brzeg","wyższe","25.10.2015 00:00:00","Klub Poselski Kukiz'15","Kukiz'15","Kukiz15"
"Rafał Grupiński","39","Poznań","26-09-1952","Wronki","wyższe","25.10.2015 00:00:00","Klub Parlamentarny Platforma Obywatelska","Platforma Obywatelska","PO"
"Zbigniew Gryglas","19","Warszawa","01-06-1965","Jelonki","wyższe","25.10.2015 00:00:00","Klub Poselski Nowoczesna","Nowoczesna Ryszarda Petru","N"
"Kazimierz Gwiazdowski","24","Białystok","10-06-1962","Radziłów","średnie zawodowe","25.10.2015 00:00:00","Klub Parlamentarny Prawo i Sprawiedliwość","Prawo i Sprawiedliwość","PiS"
"Andrzej Halicki","19","Warszawa","26-11-1961","Warszawa","wyższe","25.10.2015 00:00:00","Klub Parlamentarny Platforma Obywatelska","Platforma Obywatelska","PO"
"Teresa Hałas","7","Chełm","13-04-1953","Krasnystaw","średnie ogólne","25.10.2015 00:00:00","Klub Parlamentarny Prawo i Sprawiedliwość","Prawo i Sprawiedliwość","PiS"
"Agnieszka Hanajczyk","11","Sieradz","12-01-1963","Zgierz","wyższe","25.10.2015 00:00:00","Klub Parlamentarny Platforma Obywatelska","Platforma Obywatelska","PO"
"Bożena Henczyca","36","Kalisz","19-04-1976","Kluczbork","wyższe","25.10.2015 00:00:00","Klub Parlamentarny Platforma Obywatelska","Platforma Obywatelska","PO"
"Paulina Hennig-Kloska","37","Konin","05-10-1977","Gniezno","wyższe","25.10.2015 00:00:00","Klub Poselski Nowoczesna","Nowoczesna Ryszarda Petru","N"
"Jolanta Hibner","18","Siedlce","26-01-1951","Ząbki","wyższe","25.10.2015 00:00:00","Klub Parlamentarny Platforma Obywatelska","Platforma Obywatelska","PO"
"Czesław Hoc","40","Koszalin","22-02-1954","Jelenin","wyższe","25.10.2015 00:00:00","Klub Parlamentarny Prawo i Sprawiedliwość","Prawo i Sprawiedliwość","PiS"
"Marek Hok","40","Koszalin","15-06-1953","Koszalin","wyższe","25.10.2015 00:00:00","Klub Parlamentarny Platforma Obywatelska","Platforma Obywatelska","PO"
"Marcin Horała","26","Gdynia","02-10-1981","Gdańsk","wyższe","25.10.2015 00:00:00","Klub Parlamentarny Prawo i Sprawiedliwość","Prawo i Sprawiedliwość","PiS"
"Józefa Hrynkiewicz","23","Rzeszów","07-10-1945","Daniuszewo","wyższe","25.10.2015 00:00:00","Klub Parlamentarny Prawo i Sprawiedliwość","Prawo i Sprawiedliwość","PiS"
"Stanisław Huskowski","1","Legnica","24-04-1953","Wrocław","wyższe","25.10.2015 00:00:00","Koło Poselskie Europejscy Demokraci","Platforma Obywatelska","KPED"
"Michał Jach","41","Szczecin","23-09-1951","Łomża","wyższe","25.10.2015 00:00:00","Klub Parlamentarny Prawo i Sprawiedliwość","Prawo i Sprawiedliwość","PiS"
"Jerzy Jachnik","27","Bielsko","17-11-1949","Bielsko","wyższe","25.10.2015 00:00:00","Klub Poselski Kukiz'15","Kukiz'15","Kukiz15"
"Patryk Jaki","21","Opole","11-05-1985","Opole","wyższe","25.10.2015 00:00:00","Klub Parlamentarny Prawo i Sprawiedliwość","Prawo i Sprawiedliwość","PiS"
"Marek Jakubiak","16","Płock","30-04-1959","Warszawa","średnie policelane/pomaturalne","25.10.2015 00:00:00","Klub Poselski Kukiz'15","Kukiz'15","Kukiz15"
"Wiesław Janczyk","14","Nowy","07-04-1964","Chomranice","wyższe","25.10.2015 00:00:00","Klub Parlamentarny Prawo i Sprawiedliwość","Prawo i Sprawiedliwość","PiS"
"Grzegorz Janik","30","Rybnik","27-06-1965","Rybnik","wyższe","25.10.2015 00:00:00","Klub Parlamentarny Prawo i Sprawiedliwość","Prawo i Sprawiedliwość","PiS"
"Maria Małgorzata Janyska","38","Piła","16-01-1962","Wyrzysk","wyższe","25.10.2015 00:00:00","Klub Parlamentarny Platforma Obywatelska","Platforma Obywatelska","PO"
"Michał Jaros","3","Wrocław","26-01-1981","Aleksandrów Kujawski","wyższe","25.10.2015 00:00:00","Klub Poselski Nowoczesna","Platforma Obywatelska","N"
"Krystian Jarubas","33","Kielce","03-06-1981","Busko","wyższe","25.10.2015 00:00:00","Klub Parlamentarny Polskiego Stronnictwa Ludowego","Polskie Stronnictwo Ludowe","PSL"
"Wojciech Jasiński","16","Płock","01-04-1948","Gostynin","wyższe","25.10.2015 00:00:00","Klub Parlamentarny Prawo i Sprawiedliwość","Prawo i Sprawiedliwość","PiS"
"Tomasz Jaskóła","28","Częstochowa","31-07-1974","Częstochowa","wyższe","25.10.2015 00:00:00","Klub Poselski Kukiz'15","Kukiz'15","Kukiz15"
"Andrzej Jaworski","25","Gdańsk","16-12-1970","Włocławek","wyższe","25.10.2015 00:00:00","Klub Parlamentarny Prawo i Sprawiedliwość","Prawo i Sprawiedliwość","PiS"
"Mariusz Orion Jędrysek","3","Wrocław","28-04-1962","Głubczyce","wyższe","25.10.2015 00:00:00","Klub Parlamentarny Prawo i Sprawiedliwość","Prawo i Sprawiedliwość","PiS"
"Bartosz Józwiak","37","Konin","01-08-1973","Września","wyższe","25.10.2015 00:00:00","Klub Poselski Kukiz'15","Kukiz'15","Kukiz15"
"Krzysztof Jurgiel","24","Białystok","18-11-1953","Ogrodniki","wyższe","25.10.2015 00:00:00","Klub Parlamentarny Prawo i Sprawiedliwość","Prawo i Sprawiedliwość","PiS"
"Norbert Kaczmarczyk","15","Tarnów","16-11-1989","Proszowice","wyższe","25.10.2015 00:00:00","Klub Poselski Kukiz'15","Kukiz'15","Kukiz15"
"Jarosław Kaczyński","19","Warszawa","18-06-1949","Warszawa","wyższe","25.10.2015 00:00:00","Klub Parlamentarny Prawo i Sprawiedliwość","Prawo i Sprawiedliwość","PiS"
"Piotr Kaleta","36","Kalisz","25-06-1968","Kalisz","średnie policelane/pomaturalne","25.10.2015 00:00:00","Klub Parlamentarny Prawo i Sprawiedliwość","Prawo i Sprawiedliwość","PiS"
"Bożena Kamińska","24","Białystok","27-08-1965","Gołdap","wyższe","25.10.2015 00:00:00","Klub Parlamentarny Platforma Obywatelska","Platforma Obywatelska","PO"
"Mariusz Kamiński","19","Warszawa","25-09-1965","Sochaczew","wyższe","25.10.2015 00:00:00","Klub Parlamentarny Prawo i Sprawiedliwość","Prawo i Sprawiedliwość","PiS"
"Michał Kamiński","20","Warszawa","28-03-1972","Warszawa","wyższe","25.10.2015 00:00:00","Koło Poselskie Europejscy Demokraci","Platforma Obywatelska","KPED"
"Włodzimierz Karpiński","6","Lublin","16-11-1961","Puławy","wyższe","25.10.2015 00:00:00","Klub Parlamentarny Platforma Obywatelska","Platforma Obywatelska","PO"
"Mieczysław Kasprzak","22","Krosno","30-03-1953","Jarosław","wyższe","25.10.2015 00:00:00","Klub Parlamentarny Polskiego Stronnictwa Ludowego","Polskie Stronnictwo Ludowe","PSL"
"Beata Kempa","3","Wrocław","11-02-1966","Syców","wyższe","25.10.2015 00:00:00","Klub Parlamentarny Prawo i Sprawiedliwość","Prawo i Sprawiedliwość","PiS"
"Małgorzata Kidawa-Błońska","20","Warszawa","05-05-1957","Warszawa","wyższe","25.10.2015 00:00:00","Klub Parlamentarny Platforma Obywatelska","Platforma Obywatelska","PO"
"Marcin Kierwiński","16","Płock","22-08-1976","Warszawa","wyższe","25.10.2015 00:00:00","Klub Parlamentarny Platforma Obywatelska","Platforma Obywatelska","PO"
"Jan Kilian","25","Gdańsk","27-12-1953","Stargard Gdański","wyższe","25.10.2015 00:00:00","Klub Parlamentarny Prawo i Sprawiedliwość","Prawo i Sprawiedliwość","PiS"
"Jan Klawiter","26","Gdynia","10-11-1950","Rumia","wyższe","25.10.2015 00:00:00","Poseł niezrzeszony","Prawo i Sprawiedliwość","niez."
"Izabela Kloc","30","Rybnik","08-05-1963","Mikołów","wyższe","25.10.2015 00:00:00","Klub Parlamentarny Prawo i Sprawiedliwość","Prawo i Sprawiedliwość","PiS"
"Joanna Kluzik-Rostkowska","19","Warszawa","14-12-1963","Katowice","wyższe","25.10.2015 00:00:00","Klub Parlamentarny Platforma Obywatelska","Platforma Obywatelska","PO"
"Eugeniusz Kłopotek","4","Bydgoszcz","15-11-1953","Chojnice","wyższe","25.10.2015 00:00:00","Klub Parlamentarny Polskiego Stronnictwa Ludowego","Polskie Stronnictwo Ludowe","PSL"
"Sławomir Kłosowski","21","Opole","21-02-1964","Wambierzyce","wyższe","25.10.2015 00:00:00","Klub Parlamentarny Prawo i Sprawiedliwość","Prawo i Sprawiedliwość","PiS"
"Andrzej Kobylarz","34","Elbląg","21-12-1965","Gdańsk","zasadnicze zawodowe","25.10.2015 00:00:00","Klub Poselski Kukiz'15","Kukiz'15","Kukiz15"
"Paweł Kobyliński","29","Gliwice","03-06-1982","Bytom","wyższe","25.10.2015 00:00:00","Klub Poselski Nowoczesna","Kukiz'15","N"
"Magdalena Kochan","41","Szczecin","28-01-1950","Szczecin","wyższe","25.10.2015 00:00:00","Klub Parlamentarny Platforma Obywatelska","Platforma Obywatelska","PO"
"Agnieszka Kołacz-Leszczyńska","2","Wałbrzych","19-10-1972","Wałbrzych","wyższe","25.10.2015 00:00:00","Klub Parlamentarny Platforma Obywatelska","Platforma Obywatelska","PO"
"Lech Kołakowski","24","Białystok","13-06-1963","Zambrów","wyższe","25.10.2015 00:00:00","Klub Parlamentarny Prawo i Sprawiedliwość","Prawo i Sprawiedliwość","PiS"
"Robert Kołakowski","16","Płock","15-03-1963","Ciechanów","wyższe","25.10.2015 00:00:00","Klub Parlamentarny Prawo i Sprawiedliwość","Prawo i Sprawiedliwość","PiS"
"Zbigniew Konwiński","26","Gdynia","24-03-1974","Słupsk","wyższe","25.10.2015 00:00:00","Klub Parlamentarny Platforma Obywatelska","Platforma Obywatelska","PO"
"Ewa Kopacz","19","Warszawa","03-12-1956","Skaryszew","wyższe","25.10.2015 00:00:00","Klub Parlamentarny Platforma Obywatelska","Platforma Obywatelska","PO"
"Joanna Kopcińska","9","Łódź","02-01-1967","Łódź","wyższe","25.10.2015 00:00:00","Klub Parlamentarny Prawo i Sprawiedliwość","Prawo i Sprawiedliwość","PiS"
"Adam Korol","25","Gdańsk","20-08-1974","Gdańsk","wyższe","25.10.2015 00:00:00","Klub Parlamentarny Platforma Obywatelska","Platforma Obywatelska","PO"
"Leszek Korzeniowski","21","Opole","01-01-1955","Warszawa","wyższe","25.10.2015 00:00:00","Klub Parlamentarny Platforma Obywatelska","Platforma Obywatelska","PO"
"Roman Jacek Kosecki","19","Warszawa","15-02-1966","Piaseczno","średnie zawodowe","25.10.2015 00:00:00","Klub Parlamentarny Platforma Obywatelska","Platforma Obywatelska","PO"
"Władysław Kosiniak-Kamysz","15","Tarnów","10-08-1981","Kraków","wyższe","25.10.2015 00:00:00","Klub Parlamentarny Polskiego Stronnictwa Ludowego","Polskie Stronnictwo Ludowe","PSL"
"Wojciech Kossakowski","35","Olsztyn","23-04-1977","Ełk","wyższe","25.10.2015 00:00:00","Klub Parlamentarny Prawo i Sprawiedliwość","Prawo i Sprawiedliwość","PiS"
"Tomasz Kostuś","21","Opole","07-03-1974","Kluczbork","wyższe","25.10.2015 00:00:00","Klub Parlamentarny Platforma Obywatelska","Platforma Obywatelska","PO"
"Andrzej Kosztowniak","17","Radom","31-03-1976","Radom","wyższe","25.10.2015 00:00:00","Klub Parlamentarny Prawo i Sprawiedliwość","Prawo i Sprawiedliwość","PiS"
"Kazimierz Kotowski","33","Kielce","22-02-1951","Opatów","wyższe","25.10.2015 00:00:00","Klub Parlamentarny Polskiego Stronnictwa Ludowego","Polskie Stronnictwo Ludowe","PSL"
"Henryk Kowalczyk","18","Siedlce","15-07-1956","Żabianka","wyższe","25.10.2015 00:00:00","Klub Parlamentarny Prawo i Sprawiedliwość","Prawo i Sprawiedliwość","PiS"
"Bartosz Kownacki","4","Bydgoszcz","11-08-1979","Warszawa","wyższe","25.10.2015 00:00:00","Klub Parlamentarny Prawo i Sprawiedliwość","Prawo i Sprawiedliwość","PiS"
"Ewa Kozanecka","4","Bydgoszcz","29-05-1974","Września","wyższe","25.10.2015 00:00:00","Klub Parlamentarny Prawo i Sprawiedliwość","Prawo i Sprawiedliwość","PiS"
"Jerzy Kozłowski","36","Kalisz","12-02-1962","Kalisz","średnie policelane/pomaturalne","25.10.2015 00:00:00","Klub Poselski Kukiz'15","Kukiz'15","Kukiz15"
"Maks Kraczkowski","38","Piła","09-03-1979","Warszawa","wyższe","25.10.2015 00:00:00","Klub Parlamentarny Prawo i Sprawiedliwość","Prawo i Sprawiedliwość","PiS"
"Jarosław Krajewski","19","Warszawa","09-03-1983","Warszawa","wyższe","25.10.2015 00:00:00","Klub Parlamentarny Prawo i Sprawiedliwość","Prawo i Sprawiedliwość","PiS"
"Wiesław Krajewski","15","Tarnów","03-06-1964","Chojnów","wyższe","25.10.2015 00:00:00","Klub Parlamentarny Prawo i Sprawiedliwość","Prawo i Sprawiedliwość","PiS"
"Leonard Krasulski","34","Elbląg","08-11-1950","Sopot","średnie ogólne","25.10.2015 00:00:00","Klub Parlamentarny Prawo i Sprawiedliwość","Prawo i Sprawiedliwość","PiS"
"Robert Kropiwnicki","1","Legnica","23-07-1974","Legnica","wyższe","25.10.2015 00:00:00","Klub Parlamentarny Platforma Obywatelska","Platforma Obywatelska","PO"
"Piotr Król","4","Bydgoszcz","26-06-1974","Bydgoszcz","wyższe","25.10.2015 00:00:00","Klub Parlamentarny Prawo i Sprawiedliwość","Prawo i Sprawiedliwość","PiS"
"Wojciech Król","31","Katowice","22-04-1985","Jaworzno","wyższe","25.10.2015 00:00:00","Klub Parlamentarny Platforma Obywatelska","Platforma Obywatelska","PO"
"Elżbieta Kruk","6","Lublin","19-11-1959","Lublin","wyższe","25.10.2015 00:00:00","Klub Parlamentarny Prawo i Sprawiedliwość","Prawo i Sprawiedliwość","PiS"
"Anna Krupka","33","Kielce","30-10-1981","Warszawa","wyższe","25.10.2015 00:00:00","Klub Parlamentarny Prawo i Sprawiedliwość","Prawo i Sprawiedliwość","PiS"
"Andrzej Kryj","33","Kielce","09-06-1960","Ostrowiec Świętokrzyski","wyższe","25.10.2015 00:00:00","Klub Parlamentarny Prawo i Sprawiedliwość","Prawo i Sprawiedliwość","PiS"
"Bernadeta Krynicka","24","Białystok","16-04-1970","Łomża","wyższe","25.10.2015 00:00:00","Klub Parlamentarny Prawo i Sprawiedliwość","Prawo i Sprawiedliwość","PiS"
"Marek Krząkała","30","Rybnik","22-10-1967","Rybnik","wyższe","25.10.2015 00:00:00","Klub Parlamentarny Platforma Obywatelska","Platforma Obywatelska","PO"
"Henryka Krzywonos-Strycharska","26","Gdynia","27-03-1953","Olsztyn","średnie ogólne","25.10.2015 00:00:00","Klub Parlamentarny Platforma Obywatelska","Platforma Obywatelska","PO"
"Dariusz Kubiak","10","Piotrków","15-04-1971","Piotrków Trybunalski","średnie zawodowe","25.10.2015 00:00:00","Klub Parlamentarny Prawo i Sprawiedliwość","Prawo i Sprawiedliwość","PiS"
"Krzysztof Kubów","1","Legnica","22-07-1984","Lubin","wyższe","25.10.2015 00:00:00","Klub Parlamentarny Prawo i Sprawiedliwość","Prawo i Sprawiedliwość","PiS"
"Tomasz Kucharski","8","Zielona","16-02-1974","Gorzów Wielkopolski","wyższe","25.10.2015 00:00:00","Klub Parlamentarny Platforma Obywatelska","Platforma Obywatelska","PO"
"Marek Kuchciński","22","Krosno","09-08-1955","Przemyśl","średnie policelane/pomaturalne","25.10.2015 00:00:00","Klub Parlamentarny Prawo i Sprawiedliwość","Prawo i Sprawiedliwość","PiS"
"Paweł Kukiz","19","Warszawa","24-06-1963","Paczków","średnie ogólne","25.10.2015 00:00:00","Klub Poselski Kukiz'15","Kukiz'15","Kukiz15"
"Jakub Kulesza","6","Lublin","12-11-1990","Lublin","wyższe","25.10.2015 00:00:00","Klub Poselski Kukiz'15","Kukiz'15","Kukiz15"
"Józef Kurek","16","Płock","25-04-1953"," ","","25.10.2015 00:00:00","","Prawo i Sprawiedliwość",""
"Jacek Kurzępa","8","Zielona","05-10-1961","Świebodzin","wyższe","25.10.2015 00:00:00","Klub Parlamentarny Prawo i Sprawiedliwość","Prawo i Sprawiedliwość","PiS"
"Anna Kwiecień","17","Radom","30-09-1964","Radom","wyższe","25.10.2015 00:00:00","Klub Parlamentarny Prawo i Sprawiedliwość","Prawo i Sprawiedliwość","PiS"
"Marek Kwitek","33","Kielce","28-04-1961","Annopol","wyższe","25.10.2015 00:00:00","Klub Parlamentarny Prawo i Sprawiedliwość","Prawo i Sprawiedliwość","PiS"
"Stanisław Lamczyk","26","Gdynia","12-08-1957","Brusy","wyższe","25.10.2015 00:00:00","Klub Parlamentarny Platforma Obywatelska","Platforma Obywatelska","PO"
"Józef Lassota","13","Kraków","24-10-1943","Siedliska","wyższe","25.10.2015 00:00:00","Klub Parlamentarny Platforma Obywatelska","Platforma Obywatelska","PO"
"Tomasz Latos","4","Bydgoszcz","08-03-1964","Poznań","wyższe","25.10.2015 00:00:00","Klub Parlamentarny Prawo i Sprawiedliwość","Prawo i Sprawiedliwość","PiS"
"Bogdan Latosiński","33","Kielce","28-11-1964","Chmielnik","średnie ogólne","25.10.2015 00:00:00","Klub Parlamentarny Prawo i Sprawiedliwość","Prawo i Sprawiedliwość","PiS"
"Gabriela Lenartowicz","30","Rybnik","12-12-1960","Katowice","wyższe","25.10.2015 00:00:00","Klub Parlamentarny Platforma Obywatelska","Platforma Obywatelska","PO"
"Tomasz Lenz","5","Toruń","08-12-1968","Mogilno","wyższe","25.10.2015 00:00:00","Klub Parlamentarny Platforma Obywatelska","Platforma Obywatelska","PO"
"Izabela Leszczyna","28","Częstochowa","03-09-1962","Częstochowa","wyższe","25.10.2015 00:00:00","Klub Parlamentarny Platforma Obywatelska","Platforma Obywatelska","PO"
"Józef Leśniak","14","Nowy","06-03-1968","Limanowa","wyższe","25.10.2015 00:00:00","Klub Parlamentarny Prawo i Sprawiedliwość","Prawo i Sprawiedliwość","PiS"
"Joanna Lichocka","36","Kalisz","21-11-1969","Warszawa","wyższe","25.10.2015 00:00:00","Klub Parlamentarny Prawo i Sprawiedliwość","Prawo i Sprawiedliwość","PiS"
"Ewa Lieder","25","Gdańsk","15-01-1968","Gdańsk","wyższe","25.10.2015 00:00:00","Klub Poselski Nowoczesna","Nowoczesna Ryszarda Petru","N"
"Krzysztof Lipiec","33","Kielce","11-10-1959","Starachowice","wyższe","25.10.2015 00:00:00","Klub Parlamentarny Prawo i Sprawiedliwość","Prawo i Sprawiedliwość","PiS"
"Adam Lipiński","1","Legnica","11-09-1956","Głubczyce","wyższe","25.10.2015 00:00:00","Klub Parlamentarny Prawo i Sprawiedliwość","Prawo i Sprawiedliwość","PiS"
"Piotr Liroy-Marzec","33","Kielce","12-07-1971","Busko","średnie zawodowe","25.10.2015 00:00:00","Klub Poselski Kukiz'15","Kukiz'15","Kukiz15"
"Paweł Lisiecki","19","Warszawa","15-08-1978","Warszawa","wyższe","25.10.2015 00:00:00","Klub Parlamentarny Prawo i Sprawiedliwość","Prawo i Sprawiedliwość","PiS"
"Radosław Lubczyk","40","Koszalin","18-07-1978","Szczecinek","wyższe","25.10.2015 00:00:00","Klub Poselski Nowoczesna","Nowoczesna Ryszarda Petru","N"
"Katarzyna Lubnauer","9","Łódź","24-07-1969","Łódź","wyższe","25.10.2015 00:00:00","Klub Poselski Nowoczesna","Nowoczesna Ryszarda Petru","N"
"Krzysztof Łapiński","38","Piła","26-06-1978","Warszawa","wyższe","25.10.2015 00:00:00","Klub Parlamentarny Prawo i Sprawiedliwość","Prawo i Sprawiedliwość","PiS"
"Tomasz Ławniczak","36","Kalisz","03-08-1961","Ostrów Wielkopolski","wyższe","25.10.2015 00:00:00","Klub Parlamentarny Prawo i Sprawiedliwość","Prawo i Sprawiedliwość","PiS"
"Jan Łopata","6","Lublin","16-08-1954","Motycz","wyższe","25.10.2015 00:00:00","Klub Parlamentarny Polskiego Stronnictwa Ludowego","Polskie Stronnictwo Ludowe","PSL"
"Marzena Machałek","1","Legnica","29-08-1960","Wrocław","wyższe","25.10.2015 00:00:00","Klub Parlamentarny Prawo i Sprawiedliwość","Prawo i Sprawiedliwość","PiS"
"Andrzej Maciejewski","35","Olsztyn","24-10-1969","Bartoszyce","wyższe","25.10.2015 00:00:00","Klub Poselski Kukiz'15","Kukiz'15","Kukiz15"
"Krzysztof Maciejewski","10","Piotrków","17-04-1953","Pabianice","wyższe","25.10.2015 00:00:00","Klub Parlamentarny Prawo i Sprawiedliwość","Prawo i Sprawiedliwość","PiS"
"Antoni Macierewicz","10","Piotrków","03-08-1948","Warszawa","wyższe","25.10.2015 00:00:00","Klub Parlamentarny Prawo i Sprawiedliwość","Prawo i Sprawiedliwość","PiS"
"Ewa Malik","32","Sosnowiec","11-01-1961","Sosnowiec","wyższe","25.10.2015 00:00:00","Klub Parlamentarny Prawo i Sprawiedliwość","Prawo i Sprawiedliwość","PiS"
"Mirosław Maliszewski","17","Radom","28-02-1968","Warszawa","wyższe","25.10.2015 00:00:00","Klub Parlamentarny Polskiego Stronnictwa Ludowego","Polskie Stronnictwo Ludowe","PSL"
"Beata Małecka-Libera","32","Sosnowiec","17-05-1954","Dąbrowa Górnicza","wyższe","25.10.2015 00:00:00","Klub Parlamentarny Platforma Obywatelska","Platforma Obywatelska","PO"
"Jerzy Małecki","35","Olsztyn","23-04-1972","Pisz","wyższe","25.10.2015 00:00:00","Klub Parlamentarny Prawo i Sprawiedliwość","Prawo i Sprawiedliwość","PiS"
"Maciej Małecki","16","Płock","09-10-1974","Warszawa","wyższe","25.10.2015 00:00:00","Klub Parlamentarny Prawo i Sprawiedliwość","Prawo i Sprawiedliwość","PiS"
"Arkadiusz Marchewka","41","Szczecin","18-01-1986","Szczecin","wyższe","25.10.2015 00:00:00","Klub Parlamentarny Platforma Obywatelska","Platforma Obywatelska","PO"
"Gabriela Masłowska","6","Lublin","27-06-1950","Batorz","wyższe","25.10.2015 00:00:00","Klub Parlamentarny Prawo i Sprawiedliwość","Prawo i Sprawiedliwość","PiS"
"Maciej Masłowski","23","Rzeszów","21-07-1984","Rzeszów","wyższe","25.10.2015 00:00:00","Klub Poselski Kukiz'15","Kukiz'15","Kukiz15"
"Jerzy Materna","8","Zielona","25-03-1956","Zielona Góra","wyższe","25.10.2015 00:00:00","Klub Parlamentarny Prawo i Sprawiedliwość","Prawo i Sprawiedliwość","PiS"
"Beata Mateusiak-Pielucha","11","Sieradz","23-04-1963","Wieluń","średnie ogólne","25.10.2015 00:00:00","Klub Parlamentarny Prawo i Sprawiedliwość","Prawo i Sprawiedliwość","PiS"
"Grzegorz Matusiak","30","Rybnik","24-02-1961","Jaworzno","wyższe","25.10.2015 00:00:00","Klub Parlamentarny Prawo i Sprawiedliwość","Prawo i Sprawiedliwość","PiS"
"Andrzej Matusiewicz","22","Krosno","22-06-1952","Krosno","wyższe","25.10.2015 00:00:00","Klub Parlamentarny Prawo i Sprawiedliwość","Prawo i Sprawiedliwość","PiS"
"Marek Matuszewski","11","Sieradz","14-08-1959","Zgierz","średnie zawodowe","25.10.2015 00:00:00","Klub Parlamentarny Prawo i Sprawiedliwość","Prawo i Sprawiedliwość","PiS"
"Kazimierz Matuszny","27","Bielsko","04-03-1960","Milówka","wyższe","25.10.2015 00:00:00","Klub Parlamentarny Prawo i Sprawiedliwość","Prawo i Sprawiedliwość","PiS"
"Beata Mazurek","7","Chełm","19-10-1967","Ostrów Mazowiecka","wyższe","25.10.2015 00:00:00","Klub Parlamentarny Prawo i Sprawiedliwość","Prawo i Sprawiedliwość","PiS"
"Jerzy Meysztowicz","13","Kraków","01-10-1958","Kraków","wyższe","25.10.2015 00:00:00","Klub Poselski Nowoczesna","Nowoczesna Ryszarda Petru","N"
"Antoni Mężydło","5","Toruń","23-08-1954","Lubawa","wyższe","25.10.2015 00:00:00","Klub Parlamentarny Platforma Obywatelska","Platforma Obywatelska","PO"
"Mieczysław Miazga","23","Rzeszów","22-12-1956","Sokołów Małopolski","wyższe","25.10.2015 00:00:00","Klub Parlamentarny Prawo i Sprawiedliwość","Prawo i Sprawiedliwość","PiS"
"Iwona Michałek","5","Toruń","13-03-1956","Szczecin","wyższe","25.10.2015 00:00:00","Klub Parlamentarny Prawo i Sprawiedliwość","Prawo i Sprawiedliwość","PiS"
"Krzysztof Michałkiewicz","6","Lublin","26-09-1953","Oborniki Śląskie","wyższe","25.10.2015 00:00:00","Klub Parlamentarny Prawo i Sprawiedliwość","Prawo i Sprawiedliwość","PiS"
"Krzysztof Mieszkowski","3","Wrocław","19-05-1956","Głogów","średnie ogólne","25.10.2015 00:00:00","Klub Poselski Nowoczesna","Nowoczesna Ryszarda Petru","N"
"Anna Milczanowska","10","Piotrków","18-07-1958","Radomsko","wyższe","25.10.2015 00:00:00","Klub Parlamentarny Prawo i Sprawiedliwość","Prawo i Sprawiedliwość","PiS"
"Daniel Milewski","18","Siedlce","22-11-1989","Chicago ","wyższe","25.10.2015 00:00:00","Klub Parlamentarny Prawo i Sprawiedliwość","Prawo i Sprawiedliwość","PiS"
"Rajmund Miller","21","Opole","16-07-1954","Kielce","wyższe","25.10.2015 00:00:00","Klub Parlamentarny Platforma Obywatelska","Platforma Obywatelska","PO"
"Piotr Misiło","41","Szczecin","11-06-1974","Szczecin","wyższe","25.10.2015 00:00:00","Klub Poselski Nowoczesna","Nowoczesna Ryszarda Petru","N"
"Aldona Młyńczak","3","Wrocław","25-05-1958","Wrocław","wyższe","25.10.2015 00:00:00","Klub Parlamentarny Platforma Obywatelska","Platforma Obywatelska","PO"
"Kornel Morawiecki","3","Wrocław","03-05-1941","Warszawa","wyższe","25.10.2015 00:00:00","Koło Poselskie Wolni i Solidarni","Kukiz'15","KPWiS"
"Robert Mordak","17","Radom","23-05-1964","Radom","wyższe","25.10.2015 00:00:00","Klub Poselski Kukiz'15","Kukiz'15","Kukiz15"
"Jan Mosiński","36","Kalisz","19-12-1956","Lubin","wyższe","25.10.2015 00:00:00","Klub Parlamentarny Prawo i Sprawiedliwość","Prawo i Sprawiedliwość","PiS"
"Kazimierz Moskal","23","Rzeszów","02-02-1962","Żyraków","wyższe","25.10.2015 00:00:00","Klub Parlamentarny Prawo i Sprawiedliwość","Prawo i Sprawiedliwość","PiS"
"Andżelika Możdżanowska","36","Kalisz","20-03-1975","Kępno","wyższe","25.10.2015 00:00:00","Klub Parlamentarny Polskiego Stronnictwa Ludowego","Polskie Stronnictwo Ludowe","PSL"
"Czesław Mroczek","18","Siedlce","20-07-1964","Kałuszyn","wyższe","25.10.2015 00:00:00","Klub Parlamentarny Platforma Obywatelska","Platforma Obywatelska","PO"
"Aleksander Mrówczyński","26","Gdynia","09-12-1953","Chojnice","wyższe","25.10.2015 00:00:00","Klub Parlamentarny Prawo i Sprawiedliwość","Prawo i Sprawiedliwość","PiS"
"Izabela Katarzyna Mrzygłocka","2","Wałbrzych","20-05-1959","Wałbrzych","wyższe","25.10.2015 00:00:00","Klub Parlamentarny Platforma Obywatelska","Platforma Obywatelska","PO"
"Joanna Mucha","6","Lublin","12-04-1976","Płońsk","wyższe","25.10.2015 00:00:00","Klub Parlamentarny Platforma Obywatelska","Platforma Obywatelska","PO"
"Arkadiusz Mularczyk","14","Nowy","04-02-1971","Racibórz","wyższe","25.10.2015 00:00:00","Klub Parlamentarny Prawo i Sprawiedliwość","Prawo i Sprawiedliwość","PiS"
"Killion Munyama","38","Piła","10-07-1961","Makala","wyższe","25.10.2015 00:00:00","Klub Parlamentarny Platforma Obywatelska","Platforma Obywatelska","PO"
"Wojciech Murdzek","2","Wałbrzych","13-12-1957","Świdnica","wyższe","25.10.2015 00:00:00","Klub Parlamentarny Prawo i Sprawiedliwość","Prawo i Sprawiedliwość","PiS"
"Arkadiusz Myrcha","5","Toruń","01-02-1984","Toruń","wyższe","25.10.2015 00:00:00","Klub Parlamentarny Platforma Obywatelska","Platforma Obywatelska","PO"
"Piotr Naimski","14","Nowy","02-02-1951","Warszawa","wyższe","25.10.2015 00:00:00","Klub Parlamentarny Prawo i Sprawiedliwość","Prawo i Sprawiedliwość","PiS"
"Anna Nemś","32","Sosnowiec","19-03-1964","Ogrodzieniec","wyższe","25.10.2015 00:00:00","Klub Parlamentarny Platforma Obywatelska","Platforma Obywatelska","PO"
"Sławomir Neumann","25","Gdańsk","30-04-1968","Starogard Gdański","wyższe","25.10.2015 00:00:00","Klub Parlamentarny Platforma Obywatelska","Platforma Obywatelska","PO"
"Dorota Niedziela","12","Chrzanów","20-08-1964","Oświęcim","wyższe","25.10.2015 00:00:00","Klub Parlamentarny Platforma Obywatelska","Platforma Obywatelska","PO"
"Małgorzata Niemczyk","9","Łódź","25-10-1969","Łódź","wyższe","25.10.2015 00:00:00","Klub Parlamentarny Platforma Obywatelska","Platforma Obywatelska","PO"
"Stefan Niesiołowski","8","Zielona","04-02-1944","Kałęczew","wyższe","25.10.2015 00:00:00","Koło Poselskie Europejscy Demokraci","Platforma Obywatelska","KPED"
"Sławomir Nitras","41","Szczecin","26-04-1973","Połczyn","wyższe","25.10.2015 00:00:00","Klub Parlamentarny Platforma Obywatelska","Platforma Obywatelska","PO"
"Tomasz Piotr Nowak","37","Konin","22-12-1956","Kwidzyn","wyższe","25.10.2015 00:00:00","Klub Parlamentarny Platforma Obywatelska","Platforma Obywatelska","PO"
"Mirosława Nykiel","27","Bielsko","23-09-1953","Wańkowa","wyższe","25.10.2015 00:00:00","Klub Parlamentarny Platforma Obywatelska","Platforma Obywatelska","PO"
"Włodzimierz Nykiel","9","Łódź","23-12-1951","Łódź","wyższe","25.10.2015 00:00:00","Klub Parlamentarny Platforma Obywatelska","Platforma Obywatelska","PO"
"Norbert Obrycki","41","Szczecin","22-11-1972","Szczecin","wyższe","25.10.2015 00:00:00","Klub Parlamentarny Platforma Obywatelska","Platforma Obywatelska","PO"
"Marzena Okła-Drewnowicz","33","Kielce","20-05-1972","Skarżysko","wyższe","25.10.2015 00:00:00","Klub Parlamentarny Platforma Obywatelska","Platforma Obywatelska","PO"
"Paweł Olszewski","4","Bydgoszcz","11-12-1979","Bydgoszcz","wyższe","25.10.2015 00:00:00","Klub Parlamentarny Platforma Obywatelska","Platforma Obywatelska","PO"
"Piotr Olszówka","7","Chełm","16-06-1981","Biłgoraj","wyższe","25.10.2015 00:00:00","Klub Parlamentarny Prawo i Sprawiedliwość","Prawo i Sprawiedliwość","PiS"
"Adam Ołdakowski","34","Elbląg","25-12-1955","Giżycko","wyższe","25.10.2015 00:00:00","Klub Parlamentarny Prawo i Sprawiedliwość","Prawo i Sprawiedliwość","PiS"
"Marek Opioła","16","Płock","24-09-1976","Warszawa","wyższe","25.10.2015 00:00:00","Klub Parlamentarny Prawo i Sprawiedliwość","Prawo i Sprawiedliwość","PiS"
"Katarzyna Osos","8","Zielona","17-11-1980","Świebodzin","wyższe","25.10.2015 00:00:00","Klub Parlamentarny Platforma Obywatelska","Platforma Obywatelska","PO"
"Krzysztof Ostrowski","37","Konin","04-01-1961","Wrocław","wyższe","25.10.2015 00:00:00","Klub Parlamentarny Prawo i Sprawiedliwość","Prawo i Sprawiedliwość","PiS"
"Jacek Osuch","13","Kraków","28-08-1958","Olkusz","wyższe","25.10.2015 00:00:00","Klub Parlamentarny Prawo i Sprawiedliwość","Prawo i Sprawiedliwość","PiS"
"Anna Paluch","14","Nowy","31-03-1960","Nowy Targ","wyższe","25.10.2015 00:00:00","Klub Parlamentarny Prawo i Sprawiedliwość","Prawo i Sprawiedliwość","PiS"
"Mirosław Pampuch","35","Olsztyn","19-03-1967","Olsztyn","wyższe","25.10.2015 00:00:00","Klub Poselski Nowoczesna","Nowoczesna Ryszarda Petru","N"
"Paweł Papke","35","Olsztyn","13-02-1977","Starogard Gdański","wyższe","25.10.2015 00:00:00","Klub Parlamentarny Platforma Obywatelska","Platforma Obywatelska","PO"
"Błażej Parda","38","Piła","26-12-1986","Piła","wyższe","25.10.2015 00:00:00","Klub Poselski Kukiz'15","Kukiz'15","Kukiz15"
"Urszula Pasławska","35","Olsztyn","28-01-1977","Biskupiec","wyższe","25.10.2015 00:00:00","Klub Parlamentarny Polskiego Stronnictwa Ludowego","Polskie Stronnictwo Ludowe","PSL"
"Krzysztof Paszyk","38","Piła","10-04-1979","Poznań","wyższe","25.10.2015 00:00:00","Klub Parlamentarny Polskiego Stronnictwa Ludowego","Polskie Stronnictwo Ludowe","PSL"
"Jerzy Paul","23","Rzeszów","08-11-1972","Nowa Sarzyna","wyższe","25.10.2015 00:00:00","Klub Parlamentarny Prawo i Sprawiedliwość","Prawo i Sprawiedliwość","PiS"
"Krystyna Pawłowicz","18","Siedlce","14-04-1952","Wojcieszów","wyższe","25.10.2015 00:00:00","Klub Parlamentarny Prawo i Sprawiedliwość","Prawo i Sprawiedliwość","PiS"
"Zbigniew Pawłowicz","4","Bydgoszcz","22-09-1943","Kamień Koszyrski","wyższe","25.10.2015 00:00:00","Klub Parlamentarny Platforma Obywatelska","Platforma Obywatelska","PO"
"Ryszard Petru","19","Warszawa","06-07-1972","Wrocław","wyższe","25.10.2015 00:00:00","Klub Poselski Nowoczesna","Nowoczesna Ryszarda Petru","N"
"Małgorzata Pępek","27","Bielsko","10-06-1961","Kocierz Rydzwałdzki","wyższe","25.10.2015 00:00:00","Klub Parlamentarny Platforma Obywatelska","Platforma Obywatelska","PO"
"Sławomir Jan Piechota","3","Wrocław","01-01-1960","Tomaszów Mazowiecki","wyższe","25.10.2015 00:00:00","Klub Parlamentarny Platforma Obywatelska","Platforma Obywatelska","PO"
"Danuta Pietraszewska","31","Katowice","08-05-1947","Ruda Śląska","wyższe","25.10.2015 00:00:00","Klub Parlamentarny Platforma Obywatelska","Platforma Obywatelska","PO"
"Stanisław Pięta","27","Bielsko","09-05-1971","Bielsko","wyższe","25.10.2015 00:00:00","Klub Parlamentarny Prawo i Sprawiedliwość","Prawo i Sprawiedliwość","PiS"
"Dariusz Piontkowski","24","Białystok","17-12-1964","Sielc","wyższe","25.10.2015 00:00:00","Klub Parlamentarny Prawo i Sprawiedliwość","Prawo i Sprawiedliwość","PiS"
"Stanisław Piotrowicz","22","Krosno","19-07-1952","Bochnia","wyższe","25.10.2015 00:00:00","Klub Parlamentarny Prawo i Sprawiedliwość","Prawo i Sprawiedliwość","PiS"
"Teresa Piotrowska","4","Bydgoszcz","05-02-1955","Tczew","wyższe","25.10.2015 00:00:00","Klub Parlamentarny Platforma Obywatelska","Platforma Obywatelska","PO"
"Kazimierz Plocke","26","Gdynia","03-05-1958","Domatowo","wyższe","25.10.2015 00:00:00","Klub Parlamentarny Platforma Obywatelska","Platforma Obywatelska","PO"
"Jerzy Polaczek","31","Katowice","24-08-1961","Piekary Śląskie","wyższe","25.10.2015 00:00:00","Klub Parlamentarny Prawo i Sprawiedliwość","Prawo i Sprawiedliwość","PiS"
"Marek Polak","12","Chrzanów","19-11-1963","Wadowice","średnie zawodowe","25.10.2015 00:00:00","Klub Parlamentarny Prawo i Sprawiedliwość","Prawo i Sprawiedliwość","PiS"
"Piotr Polak","11","Sieradz","20-01-1961","Grabinka","wyższe","25.10.2015 00:00:00","Klub Parlamentarny Prawo i Sprawiedliwość","Prawo i Sprawiedliwość","PiS"
"Agnieszka Pomaska","25","Gdańsk","08-01-1980","Gdynia","wyższe","25.10.2015 00:00:00","Klub Parlamentarny Platforma Obywatelska","Platforma Obywatelska","PO"
"Jarosław Porwich","8","Zielona","17-08-1966","Gorzów Wielkopolski","wyższe","25.10.2015 00:00:00","Klub Poselski Kukiz'15","Kukiz'15","Kukiz15"
"Marcin Porzucek","38","Piła","20-07-1984","Kielce","wyższe","25.10.2015 00:00:00","Klub Parlamentarny Prawo i Sprawiedliwość","Prawo i Sprawiedliwość","PiS"
"Jacek Protas","34","Elbląg","15-01-1964","Lidzbark Warmiński","wyższe","25.10.2015 00:00:00","Klub Parlamentarny Platforma Obywatelska","Platforma Obywatelska","PO"
"Jacek Protasiewicz","3","Wrocław","05-06-1967","Brzeg","wyższe","25.10.2015 00:00:00","Koło Poselskie Europejscy Demokraci","Platforma Obywatelska","KPED"
"Piotr Pszczółkowski","9","Łódź","23-08-1970","Łódź","wyższe","25.10.2015 00:00:00","Klub Parlamentarny Prawo i Sprawiedliwość","Prawo i Sprawiedliwość","PiS"
"Grzegorz Puda","27","Bielsko","13-07-1982","Bielsko","wyższe","25.10.2015 00:00:00","Klub Parlamentarny Prawo i Sprawiedliwość","Prawo i Sprawiedliwość","PiS"
"Paweł Pudłowski","8","Zielona","08-07-1972","Zielona Góra","wyższe","25.10.2015 00:00:00","Klub Poselski Nowoczesna","Nowoczesna Ryszarda Petru","N"
"Piotr Pyzik","29","Gliwice","01-01-1959","Puławy","wyższe","25.10.2015 00:00:00","Klub Parlamentarny Prawo i Sprawiedliwość","Prawo i Sprawiedliwość","PiS"
"Elżbieta Radziszewska","10","Piotrków","06-01-1958","Białocin","wyższe","25.10.2015 00:00:00","Klub Parlamentarny Platforma Obywatelska","Platforma Obywatelska","PO"
"Elżbieta Rafalska","8","Zielona","22-06-1955","Wschowa","wyższe","25.10.2015 00:00:00","Klub Parlamentarny Prawo i Sprawiedliwość","Prawo i Sprawiedliwość","PiS"
"Grzegorz Raniewicz","7","Chełm","09-07-1970","Chełm","wyższe","25.10.2015 00:00:00","Klub Parlamentarny Platforma Obywatelska","Platforma Obywatelska","PO"
"Ireneusz Raś","13","Kraków","30-09-1972","Proszowice","wyższe","25.10.2015 00:00:00","Klub Parlamentarny Platforma Obywatelska","Platforma Obywatelska","PO"
"Stefan Romecki","40","Koszalin","02-09-1950","Koszalin","zasadnicze zawodowe","25.10.2015 00:00:00","Klub Poselski Kukiz'15","Kukiz'15","Kukiz15"
"Monika Rosa","31","Katowice","24-04-1986","Czeladź","wyższe","25.10.2015 00:00:00","Klub Poselski Nowoczesna","Nowoczesna Ryszarda Petru","N"
"Halina Rozpondek","28","Częstochowa","25-05-1950","Częstochowa","wyższe","25.10.2015 00:00:00","Klub Parlamentarny Platforma Obywatelska","Platforma Obywatelska","PO"
"Marek Ruciński","39","Poznań","24-01-1953","Poznań","wyższe","25.10.2015 00:00:00","Klub Poselski Nowoczesna","Nowoczesna Ryszarda Petru","N"
"Urszula Rusecka","15","Tarnów","11-09-1966","Kraków","wyższe","25.10.2015 00:00:00","Klub Parlamentarny Prawo i Sprawiedliwość","Prawo i Sprawiedliwość","PiS"
"Leszek Ruszczyk","17","Radom","06-05-1959","Radom","wyższe","25.10.2015 00:00:00","Klub Parlamentarny Platforma Obywatelska","Platforma Obywatelska","PO"
"Dorota Rutkowska","10","Piotrków","24-01-1962","Skierniewice","wyższe","25.10.2015 00:00:00","Klub Parlamentarny Platforma Obywatelska","Platforma Obywatelska","PO"
"Jakub Rutnicki","38","Piła","03-12-1978","Szamotuły","wyższe","25.10.2015 00:00:00","Klub Parlamentarny Platforma Obywatelska","Platforma Obywatelska","PO"
"Marek Rząsa","22","Krosno","04-10-1957","Rzeszów","wyższe","25.10.2015 00:00:00","Klub Parlamentarny Platforma Obywatelska","Platforma Obywatelska","PO"
"Łukasz Rzepecki","11","Sieradz","05-09-1992","Zgierz","średnie ogólne","25.10.2015 00:00:00","Klub Parlamentarny Prawo i Sprawiedliwość","Prawo i Sprawiedliwość","PiS"
"Bogdan Rzońca","22","Krosno","01-02-1961","Zarzecze","wyższe","25.10.2015 00:00:00","Klub Parlamentarny Prawo i Sprawiedliwość","Prawo i Sprawiedliwość","PiS"
"Tomasz Rzymkowski","11","Sieradz","31-07-1986","Kutno","wyższe","25.10.2015 00:00:00","Klub Poselski Kukiz'15","Kukiz'15","Kukiz15"
"Jarosław Sachajko","7","Chełm","08-10-1971","Lublin","wyższe","25.10.2015 00:00:00","Klub Poselski Kukiz'15","Kukiz'15","Kukiz15"
"Janusz Sanocki","21","Opole","05-03-1954","Nysa","wyższe","25.10.2015 00:00:00","Poseł niezrzeszony","Kukiz'15","niez."
"Jacek Sasin","20","Warszawa","06-11-1969","Warszawa","wyższe","25.10.2015 00:00:00","Klub Parlamentarny Prawo i Sprawiedliwość","Prawo i Sprawiedliwość","PiS"
"Marek Sawicki","18","Siedlce","08-04-1958","Sawice","wyższe","25.10.2015 00:00:00","Klub Parlamentarny Polskiego Stronnictwa Ludowego","Polskie Stronnictwo Ludowe","PSL"
"Grzegorz Schetyna","33","Kielce","18-02-1963","Opole","wyższe","25.10.2015 00:00:00","Klub Parlamentarny Platforma Obywatelska","Platforma Obywatelska","PO"
"Joanna Scheuring-Wielgus","5","Toruń","08-02-1972","Toruń","wyższe","25.10.2015 00:00:00","Klub Poselski Nowoczesna","Nowoczesna Ryszarda Petru","N"
"Joanna Schmidt","39","Poznań","14-09-1978","Głogów","wyższe","25.10.2015 00:00:00","Klub Poselski Nowoczesna","Nowoczesna Ryszarda Petru","N"
"Anna Schmidt-Rodziewicz","22","Krosno","11-11-1978","Jarosław","wyższe","25.10.2015 00:00:00","Klub Parlamentarny Prawo i Sprawiedliwość","Prawo i Sprawiedliwość","PiS"
"Grzegorz Schreiber","11","Sieradz","14-02-1961","Bydgoszcz","wyższe","25.10.2015 00:00:00","Klub Parlamentarny Prawo i Sprawiedliwość","Prawo i Sprawiedliwość","PiS"
"Łukasz Schreiber","4","Bydgoszcz","26-05-1987","Bydgoszcz","wyższe","25.10.2015 00:00:00","Klub Parlamentarny Prawo i Sprawiedliwość","Prawo i Sprawiedliwość","PiS"
"Jarosław Sellin","25","Gdańsk","01-05-1963","Gdynia","wyższe","25.10.2015 00:00:00","Klub Parlamentarny Prawo i Sprawiedliwość","Prawo i Sprawiedliwość","PiS"
"Edward Siarka","14","Nowy","07-07-1963","Rabka","wyższe","25.10.2015 00:00:00","Klub Parlamentarny Prawo i Sprawiedliwość","Prawo i Sprawiedliwość","PiS"
"Anna Maria Siarkowska","18","Siedlce","23-03-1982","Warszawa","wyższe","25.10.2015 00:00:00","Klub Poselski Kukiz'15","Kukiz'15","Kukiz15"
"Krystyna Sibińska","8","Zielona","12-06-1962","Złocieniec","wyższe","25.10.2015 00:00:00","Klub Parlamentarny Platforma Obywatelska","Platforma Obywatelska","PO"
"Tomasz Siemoniak","2","Wałbrzych","02-07-1967","Wałbrzych","wyższe","25.10.2015 00:00:00","Klub Parlamentarny Platforma Obywatelska","Platforma Obywatelska","PO"
"Krzysztof Sitarski","30","Rybnik","14-11-1976","Wodzisław Śląski","wyższe","25.10.2015 00:00:00","Klub Poselski Kukiz'15","Kukiz'15","Kukiz15"
"Krystyna Skowrońska","23","Rzeszów","22-07-1954","Mielec","wyższe","25.10.2015 00:00:00","Klub Parlamentarny Platforma Obywatelska","Platforma Obywatelska","PO"
"Wojciech Skurkiewicz","17","Radom","05-12-1969","Radom","wyższe","25.10.2015 00:00:00","Klub Parlamentarny Prawo i Sprawiedliwość","Prawo i Sprawiedliwość","PiS"
"Paweł Skutecki","4","Bydgoszcz","26-02-1975","Bydgoszcz","wyższe","25.10.2015 00:00:00","Klub Poselski Kukiz'15","Kukiz'15","Kukiz15"
"Andrzej Smirnow","20","Warszawa","09-09-1938","Warszawa","wyższe","25.10.2015 00:00:00","Klub Parlamentarny Prawo i Sprawiedliwość","Prawo i Sprawiedliwość","PiS"
"Kazimierz Smoliński","25","Gdańsk","15-07-1955","Malbork","wyższe","25.10.2015 00:00:00","Klub Parlamentarny Prawo i Sprawiedliwość","Prawo i Sprawiedliwość","PiS"
"Anna Elżbieta Sobecka","5","Toruń","27-03-1951","Piotrków Kujawski","wyższe","25.10.2015 00:00:00","Klub Parlamentarny Prawo i Sprawiedliwość","Prawo i Sprawiedliwość","PiS"
"Czesław Sobierajski","30","Rybnik","05-06-1952","Kielce","średnie ogólne","25.10.2015 00:00:00","Klub Parlamentarny Prawo i Sprawiedliwość","Prawo i Sprawiedliwość","PiS"
"Artur Soboń","6","Lublin","13-03-1977","Świdnik","wyższe","25.10.2015 00:00:00","Klub Parlamentarny Prawo i Sprawiedliwość","Prawo i Sprawiedliwość","PiS"
"Bogusław Sonik","13","Kraków","03-12-1953","Kraków","wyższe","25.10.2015 00:00:00","Klub Parlamentarny Platforma Obywatelska","Platforma Obywatelska","PO"
"Zbigniew Sosnowski","5","Toruń","10-12-1963","Rypin","wyższe","25.10.2015 00:00:00","Klub Parlamentarny Polskiego Stronnictwa Ludowego","Polskie Stronnictwo Ludowe","PSL"
"Andrzej Sośnierz","31","Katowice","08-05-1951","Głuchołazy","wyższe","25.10.2015 00:00:00","Klub Parlamentarny Prawo i Sprawiedliwość","Prawo i Sprawiedliwość","PiS"
"Marek Sowa","12","Chrzanów","04-02-1967","Libiąż","wyższe","25.10.2015 00:00:00","Klub Parlamentarny Platforma Obywatelska","Platforma Obywatelska","PO"
"Lech Sprawka","6","Lublin","09-08-1955","Kolonia Radawczyk","wyższe","25.10.2015 00:00:00","Klub Parlamentarny Prawo i Sprawiedliwość","Prawo i Sprawiedliwość","PiS"
"Mirosława Stachowiak-Różecka","3","Wrocław","08-07-1973","Świebodzin","średnie ogólne","25.10.2015 00:00:00","Klub Parlamentarny Prawo i Sprawiedliwość","Prawo i Sprawiedliwość","PiS"
"Dariusz Starzycki","32","Sosnowiec","26-02-1973","Chrzanów","wyższe","25.10.2015 00:00:00","Klub Parlamentarny Prawo i Sprawiedliwość","Prawo i Sprawiedliwość","PiS"
"Michał Stasiński","4","Bydgoszcz","28-04-1968","Bydgoszcz","wyższe","25.10.2015 00:00:00","Klub Poselski Nowoczesna","Nowoczesna Ryszarda Petru","N"
"Jarosław Stawiarski","6","Lublin","03-10-1963","Kraśnik","wyższe","25.10.2015 00:00:00","Klub Parlamentarny Prawo i Sprawiedliwość","Prawo i Sprawiedliwość","PiS"
"Elżbieta Stępień","1","Legnica","23-09-1978","Lubin","wyższe","25.10.2015 00:00:00","Klub Poselski Nowoczesna","Nowoczesna Ryszarda Petru","N"
"Mirosław Suchoń","27","Bielsko","10-01-1976","Bielsko","wyższe","25.10.2015 00:00:00","Klub Poselski Nowoczesna","Nowoczesna Ryszarda Petru","N"
"Marek Suski","17","Radom","11-06-1958","Grójec","średnie policelane/pomaturalne","25.10.2015 00:00:00","Klub Parlamentarny Prawo i Sprawiedliwość","Prawo i Sprawiedliwość","PiS"
"Paweł Suski","40","Koszalin","10-06-1964","Wałcz","wyższe","25.10.2015 00:00:00","Klub Parlamentarny Platforma Obywatelska","Platforma Obywatelska","PO"
"Artur Szałabawka","41","Szczecin","03-10-1967","Szczecin","wyższe","25.10.2015 00:00:00","Klub Parlamentarny Prawo i Sprawiedliwość","Prawo i Sprawiedliwość","PiS"
"Wojciech Szarama","29","Gliwice","16-12-1955","Bytom","wyższe","25.10.2015 00:00:00","Klub Parlamentarny Prawo i Sprawiedliwość","Prawo i Sprawiedliwość","PiS"
"Michał Szczerba","19","Warszawa","14-12-1977","Warszawa","wyższe","25.10.2015 00:00:00","Klub Parlamentarny Platforma Obywatelska","Platforma Obywatelska","PO"
"Józefa Szczurek-Żelazko","15","Tarnów","14-03-1961","Nowy Sącz","wyższe","25.10.2015 00:00:00","Klub Parlamentarny Prawo i Sprawiedliwość","Prawo i Sprawiedliwość","PiS"
"Jolanta Szczypińska","26","Gdynia","24-06-1957","Słupsk","średnie policelane/pomaturalne","25.10.2015 00:00:00","Klub Parlamentarny Prawo i Sprawiedliwość","Prawo i Sprawiedliwość","PiS"
"Paweł Szefernaker","40","Koszalin","27-02-1987","Szczecin","wyższe","25.10.2015 00:00:00","Klub Parlamentarny Prawo i Sprawiedliwość","Prawo i Sprawiedliwość","PiS"
"Jan Szewczak","7","Chełm","23-09-1953","Piła","wyższe","25.10.2015 00:00:00","Klub Parlamentarny Prawo i Sprawiedliwość","Prawo i Sprawiedliwość","PiS"
"Jarosław Szlachetka","12","Chrzanów","05-06-1983","Myślenice","wyższe","25.10.2015 00:00:00","Klub Parlamentarny Prawo i Sprawiedliwość","Prawo i Sprawiedliwość","PiS"
"Andrzej Szlachta","23","Rzeszów","19-01-1947","Rzeszów","wyższe","25.10.2015 00:00:00","Klub Parlamentarny Prawo i Sprawiedliwość","Prawo i Sprawiedliwość","PiS"
"Adam Szłapka","36","Kalisz","06-12-1984","Kościan","wyższe","25.10.2015 00:00:00","Klub Poselski Nowoczesna","Nowoczesna Ryszarda Petru","N"
"Paweł Szramka","5","Toruń","18-06-1989","Brodnica","wyższe","25.10.2015 00:00:00","Klub Poselski Kukiz'15","Kukiz'15","Kukiz15"
"Krzysztof Szulowski","6","Lublin","25-05-1963","Janowiec","wyższe","25.10.2015 00:00:00","Klub Parlamentarny Prawo i Sprawiedliwość","Prawo i Sprawiedliwość","PiS"
"Krystyna Szumilas","29","Gliwice","28-06-1956","Knurów","wyższe","25.10.2015 00:00:00","Klub Parlamentarny Platforma Obywatelska","Platforma Obywatelska","PO"
"Stanisław Szwed","27","Bielsko","12-04-1955","Bielsko","wyższe","25.10.2015 00:00:00","Klub Parlamentarny Prawo i Sprawiedliwość","Prawo i Sprawiedliwość","PiS"
"Halina Szydełko","23","Rzeszów","10-06-1962","Rzeszów","wyższe","25.10.2015 00:00:00","Klub Parlamentarny Prawo i Sprawiedliwość","Prawo i Sprawiedliwość","PiS"
"Beata Szydło","12","Chrzanów","15-04-1963","Oświęcim","wyższe","25.10.2015 00:00:00","Klub Parlamentarny Prawo i Sprawiedliwość","Prawo i Sprawiedliwość","PiS"
"Bożena Szydłowska","39","Poznań","11-04-1951","Poznań","wyższe","25.10.2015 00:00:00","Klub Parlamentarny Platforma Obywatelska","Platforma Obywatelska","PO"
"Ewa Szymańska","1","Legnica","24-04-1952","Prochowice","wyższe","25.10.2015 00:00:00","Klub Parlamentarny Prawo i Sprawiedliwość","Prawo i Sprawiedliwość","PiS"
"Tomasz Szymański","5","Toruń","24-04-1978","Grudziądz","wyższe","25.10.2015 00:00:00","Klub Parlamentarny Platforma Obywatelska","Platforma Obywatelska","PO"
"Szymon Szynkowski vel Sęk","39","Poznań","24-11-1982","Poznań","wyższe","25.10.2015 00:00:00","Klub Parlamentarny Prawo i Sprawiedliwość","Prawo i Sprawiedliwość","PiS"
"Jan Szyszko","20","Warszawa","19-04-1944","Stara Miłosna","wyższe","25.10.2015 00:00:00","Klub Parlamentarny Prawo i Sprawiedliwość","Prawo i Sprawiedliwość","PiS"
"Agnieszka Ścigaj","13","Kraków","22-12-1975","Kraków","wyższe","25.10.2015 00:00:00","Klub Poselski Kukiz'15","Kukiz'15","Kukiz15"
"Iwona Śledzińska-Katarasińska","9","Łódź","03-01-1941","Komorniki","wyższe","25.10.2015 00:00:00","Klub Parlamentarny Platforma Obywatelska","Platforma Obywatelska","PO"
"Janusz Śniadek","26","Gdynia","26-05-1955","Sopot","wyższe","25.10.2015 00:00:00","Klub Parlamentarny Prawo i Sprawiedliwość","Prawo i Sprawiedliwość","PiS"
"Jacek Świat","3","Wrocław","16-12-1955","Wrocław","wyższe","25.10.2015 00:00:00","Klub Parlamentarny Prawo i Sprawiedliwość","Prawo i Sprawiedliwość","PiS"
"Marcin Święcicki","19","Warszawa","17-04-1947","Warszawa","wyższe","25.10.2015 00:00:00","Klub Parlamentarny Platforma Obywatelska","Platforma Obywatelska","PO"
"Dominik Tarczyński","33","Kielce","27-03-1979","Lublin","wyższe","25.10.2015 00:00:00","Klub Parlamentarny Prawo i Sprawiedliwość","Prawo i Sprawiedliwość","PiS"
"Krzysztof Tchórzewski","18","Siedlce","19-05-1950","Rzążew","wyższe","25.10.2015 00:00:00","Klub Parlamentarny Prawo i Sprawiedliwość","Prawo i Sprawiedliwość","PiS"
"Robert Telus","10","Piotrków","18-04-1969","Opoczno","wyższe","25.10.2015 00:00:00","Klub Parlamentarny Prawo i Sprawiedliwość","Prawo i Sprawiedliwość","PiS"
"Ryszard Terlecki","13","Kraków","02-09-1949","Kraków","wyższe","25.10.2015 00:00:00","Klub Parlamentarny Prawo i Sprawiedliwość","Prawo i Sprawiedliwość","PiS"
"Grzegorz Tobiszowski","31","Katowice","01-11-1965","Ruda Śląska","wyższe","25.10.2015 00:00:00","Klub Parlamentarny Prawo i Sprawiedliwość","Prawo i Sprawiedliwość","PiS"
"Genowefa Tokarska","7","Chełm","05-08-1949","Biszcza","wyższe","25.10.2015 00:00:00","Klub Parlamentarny Polskiego Stronnictwa Ludowego","Polskie Stronnictwo Ludowe","PSL"
"Ewa Tomaszewska","19","Warszawa","14-04-1947","Płock","wyższe","25.10.2015 00:00:00","Klub Parlamentarny Prawo i Sprawiedliwość","Prawo i Sprawiedliwość","PiS"
"Jacek Tomczak","39","Poznań","27-07-1973","Poznań","wyższe","25.10.2015 00:00:00","Klub Parlamentarny Platforma Obywatelska","Platforma Obywatelska","PO"
"Cezary Tomczyk","11","Sieradz","25-08-1984","Gryfice","wyższe","25.10.2015 00:00:00","Klub Parlamentarny Platforma Obywatelska","Platforma Obywatelska","PO"
"Tomasz Tomczykiewicz","31","Katowice","02-03-1961","Pszczyna","wyższe","25.10.2015 00:00:00","Klub Parlamentarny Platforma Obywatelska","Platforma Obywatelska","PO"
"Krzysztof Truskolaski","24","Białystok","25-07-1990","Białystok","wyższe","25.10.2015 00:00:00","Klub Poselski Nowoczesna","Nowoczesna Ryszarda Petru","N"
"Rafał Trzaskowski","13","Kraków","17-01-1972","Warszawa","wyższe","25.10.2015 00:00:00","Klub Parlamentarny Platforma Obywatelska","Platforma Obywatelska","PO"
"Sylwester Tułajew","6","Lublin","30-12-1981","Lublin","wyższe","25.10.2015 00:00:00","Klub Parlamentarny Prawo i Sprawiedliwość","Prawo i Sprawiedliwość","PiS"
"Stanisław Tyszka","20","Warszawa","11-04-1979","Warszawa","wyższe","25.10.2015 00:00:00","Klub Poselski Kukiz'15","Kukiz'15","Kukiz15"
"Robert Tyszkiewicz","24","Białystok","07-06-1963","Białystok","średnie ogólne","25.10.2015 00:00:00","Klub Parlamentarny Platforma Obywatelska","Platforma Obywatelska","PO"
"Jarosław Urbaniak","36","Kalisz","07-08-1966","Ostrów Wielkopolski","wyższe","25.10.2015 00:00:00","Klub Parlamentarny Platforma Obywatelska","Platforma Obywatelska","PO"
"Piotr Uruski","22","Krosno","11-08-1976","Sanok","wyższe","25.10.2015 00:00:00","Klub Parlamentarny Prawo i Sprawiedliwość","Prawo i Sprawiedliwość","PiS"
"Piotr Uściński","20","Warszawa","20-05-1977","Warszawa","wyższe","25.10.2015 00:00:00","Klub Parlamentarny Prawo i Sprawiedliwość","Prawo i Sprawiedliwość","PiS"
"Teresa Wargocka","18","Siedlce","18-12-1955","Mińsk Mazowiecki","wyższe","25.10.2015 00:00:00","Klub Parlamentarny Prawo i Sprawiedliwość","Prawo i Sprawiedliwość","PiS"
"Robert Warwas","32","Sosnowiec","13-08-1976","Jaworzno","wyższe","25.10.2015 00:00:00","Klub Parlamentarny Prawo i Sprawiedliwość","Prawo i Sprawiedliwość","PiS"
"Jan Warzecha","23","Rzeszów","21-04-1959","Jodłowa","wyższe","25.10.2015 00:00:00","Klub Parlamentarny Prawo i Sprawiedliwość","Prawo i Sprawiedliwość","PiS"
"Anna Wasilewska","35","Olsztyn","10-01-1958","Ostrowiec Świętokrzyski","wyższe","25.10.2015 00:00:00","Klub Parlamentarny Platforma Obywatelska","Platforma Obywatelska","PO"
"Małgorzata Wassermann","13","Kraków","16-03-1978","Kraków","wyższe","25.10.2015 00:00:00","Klub Parlamentarny Prawo i Sprawiedliwość","Prawo i Sprawiedliwość","PiS"
"Witold Waszczykowski","11","Sieradz","05-05-1957","Piotrków Trybunalski","wyższe","25.10.2015 00:00:00","Klub Parlamentarny Prawo i Sprawiedliwość","Prawo i Sprawiedliwość","PiS"
"Maciej Wąsik","16","Płock","16-10-1969","Warszawa","wyższe","25.10.2015 00:00:00","Klub Parlamentarny Prawo i Sprawiedliwość","Prawo i Sprawiedliwość","PiS"
"Rafał Weber","23","Rzeszów","01-09-1981","Tarnobrzeg","wyższe","25.10.2015 00:00:00","Klub Parlamentarny Prawo i Sprawiedliwość","Prawo i Sprawiedliwość","PiS"
"Monika Wielichowska","2","Wałbrzych","04-10-1973","Nowa Ruda","wyższe","25.10.2015 00:00:00","Klub Parlamentarny Platforma Obywatelska","Platforma Obywatelska","PO"
"Ryszard Wilczyński","21","Opole","23-10-1960","Ostrów Wielkopolski","wyższe","25.10.2015 00:00:00","Klub Parlamentarny Platforma Obywatelska","Platforma Obywatelska","PO"
"Jacek Wilk","19","Warszawa","17-08-1974","Kocina","wyższe","25.10.2015 00:00:00","Klub Poselski Kukiz'15","Kukiz'15","Kukiz15"
"Jerzy Wilk","34","Elbląg","15-03-1955","Elbląg","wyższe","25.10.2015 00:00:00","Klub Parlamentarny Prawo i Sprawiedliwość","Prawo i Sprawiedliwość","PiS"
"Wojciech Wilk","6","Lublin","12-08-1972","Kraśnik","wyższe","25.10.2015 00:00:00","Klub Parlamentarny Platforma Obywatelska","Platforma Obywatelska","PO"
"Robert Winnicki","1","Legnica","18-07-1985","Zgorzelec","średnie ogólne","25.10.2015 00:00:00","Poseł niezrzeszony","Kukiz'15","niez."
"Mariusz Witczak","36","Kalisz","14-04-1971","Koźminek","wyższe","25.10.2015 00:00:00","Klub Parlamentarny Platforma Obywatelska","Platforma Obywatelska","PO"
"Elżbieta Witek","1","Legnica","17-12-1957","Jawor","wyższe","25.10.2015 00:00:00","Klub Parlamentarny Prawo i Sprawiedliwość","Prawo i Sprawiedliwość","PiS"
"Grzegorz Wojciechowski","10","Piotrków","25-08-1960","Rawa Mazowiecka","wyższe","25.10.2015 00:00:00","Klub Parlamentarny Prawo i Sprawiedliwość","Prawo i Sprawiedliwość","PiS"
"Michał Wojtkiewicz","15","Tarnów","24-06-1946","Tuchów","wyższe","25.10.2015 00:00:00","Klub Parlamentarny Prawo i Sprawiedliwość","Prawo i Sprawiedliwość","PiS"
"Grzegorz Adam Woźniak","18","Siedlce","18-12-1968","Garwolin","wyższe","25.10.2015 00:00:00","Klub Parlamentarny Prawo i Sprawiedliwość","Prawo i Sprawiedliwość","PiS"
"Tadeusz Woźniak","11","Sieradz","15-01-1960","Kutno","wyższe","25.10.2015 00:00:00","Klub Parlamentarny Prawo i Sprawiedliwość","Prawo i Sprawiedliwość","PiS"
"Marek Wójcik","31","Katowice","24-03-1980","Katowice","wyższe","25.10.2015 00:00:00","Klub Parlamentarny Platforma Obywatelska","Platforma Obywatelska","PO"
"Michał Wójcik","31","Katowice","17-04-1971","Kraków","wyższe","25.10.2015 00:00:00","Klub Parlamentarny Prawo i Sprawiedliwość","Prawo i Sprawiedliwość","PiS"
"Rafał Wójcikowski","10","Piotrków","02-12-1973","Tomaszów Mazowiecki","wyższe","25.10.2015 00:00:00","Klub Poselski Kukiz'15","Kukiz'15","Kukiz15"
"Kornelia Wróblewska","19","Warszawa","20-12-1982","Międzyrzec Podlaski","wyższe","25.10.2015 00:00:00","Klub Poselski Nowoczesna","Nowoczesna Ryszarda Petru","N"
"Krystyna Wróblewska","23","Rzeszów","12-07-1963","Rzeszów","wyższe","25.10.2015 00:00:00","Klub Parlamentarny Prawo i Sprawiedliwość","Prawo i Sprawiedliwość","PiS"
"Bartłomiej Wróblewski","39","Poznań","13-03-1975","Poznań","wyższe","25.10.2015 00:00:00","Klub Parlamentarny Prawo i Sprawiedliwość","Prawo i Sprawiedliwość","PiS"
"Małgorzata Wypych","19","Warszawa","02-02-1971","Warszawa","wyższe","25.10.2015 00:00:00","Klub Parlamentarny Prawo i Sprawiedliwość","Prawo i Sprawiedliwość","PiS"
"Marek Zagórski","18","Siedlce","06-08-1967","Kamień Pomorski","wyższe","25.10.2015 00:00:00","Klub Parlamentarny Prawo i Sprawiedliwość","Prawo i Sprawiedliwość","PiS"
"Anna Zalewska","2","Wałbrzych","06-07-1965","Świebodzice","wyższe","25.10.2015 00:00:00","Klub Parlamentarny Prawo i Sprawiedliwość","Prawo i Sprawiedliwość","PiS"
"Krzysztof Zaremba","41","Szczecin","12-12-1972","Szczecin","wyższe","25.10.2015 00:00:00","Klub Parlamentarny Prawo i Sprawiedliwość","Prawo i Sprawiedliwość","PiS"
"Artur Zasada","8","Zielona","05-06-1969","Zielona Góra","wyższe","25.10.2015 00:00:00","Klub Parlamentarny Prawo i Sprawiedliwość","Prawo i Sprawiedliwość","PiS"
"Sławomir Zawiślak","7","Chełm","09-06-1963","Krasnobród","wyższe","25.10.2015 00:00:00","Klub Parlamentarny Prawo i Sprawiedliwość","Prawo i Sprawiedliwość","PiS"
"Łukasz Zbonikowski","5","Toruń","20-02-1978","Toruń","wyższe","25.10.2015 00:00:00","Klub Parlamentarny Prawo i Sprawiedliwość","Prawo i Sprawiedliwość","PiS"
"Witold Zembaczyński","21","Opole","28-12-1980","Opole","wyższe","25.10.2015 00:00:00","Klub Poselski Nowoczesna","Nowoczesna Ryszarda Petru","N"
"Marian Zembala","31","Katowice","11-02-1950","Krzepice","wyższe","25.10.2015 00:00:00","Klub Parlamentarny Platforma Obywatelska","Platforma Obywatelska","PO"
"Piotr Zgorzelski","16","Płock","17-09-1963","Płock","wyższe","25.10.2015 00:00:00","Klub Parlamentarny Polskiego Stronnictwa Ludowego","Polskie Stronnictwo Ludowe","PSL"
"Jarosław Zieliński","24","Białystok","20-09-1960","Szwajcaria","wyższe","25.10.2015 00:00:00","Klub Parlamentarny Prawo i Sprawiedliwość","Prawo i Sprawiedliwość","PiS"
"Wojciech Ziemniak","36","Kalisz","25-03-1956","Czempiń","wyższe","25.10.2015 00:00:00","Klub Parlamentarny Platforma Obywatelska","Platforma Obywatelska","PO"
"Zbigniew Ziobro","33","Kielce","18-08-1970","Kraków","wyższe","25.10.2015 00:00:00","Klub Parlamentarny Prawo i Sprawiedliwość","Prawo i Sprawiedliwość","PiS"
"Szymon Ziółkowski","39","Poznań","01-07-1976","Poznań","wyższe","25.10.2015 00:00:00","Klub Parlamentarny Platforma Obywatelska","Platforma Obywatelska","PO"
"Maria Zuba","33","Kielce","06-04-1951","Suchedniów","wyższe","25.10.2015 00:00:00","Klub Parlamentarny Prawo i Sprawiedliwość","Prawo i Sprawiedliwość","PiS"
"Wojciech Zubowski","1","Legnica","12-11-1979","Wrocław","wyższe","25.10.2015 00:00:00","Klub Parlamentarny Prawo i Sprawiedliwość","Prawo i Sprawiedliwość","PiS"
"Małgorzata Zwiercan","26","Gdynia","06-07-1958","Gdynia","średnie policelane/pomaturalne","25.10.2015 00:00:00","Koło Poselskie Wolni i Solidarni","Kukiz'15","KPWiS"
"Ireneusz Zyska","2","Wałbrzych","05-08-1969","Świebodzice","wyższe","25.10.2015 00:00:00","Koło Poselskie Wolni i Solidarni","Kukiz'15","KPWiS"
"Jacek Żalek","24","Białystok","13-01-1973","Białystok","wyższe","25.10.2015 00:00:00","Klub Parlamentarny Prawo i Sprawiedliwość","Prawo i Sprawiedliwość","PiS"
"Stanisław Żmijan","7","Chełm","13-12-1956","Tarnogród","wyższe","25.10.2015 00:00:00","Klub Parlamentarny Platforma Obywatelska","Platforma Obywatelska","PO"
"Jerzy Żyżyński","21","Opole","06-08-1949","Łomża","wyższe","25.10.2015 00:00:00","Klub Parlamentarny Prawo i Sprawiedliwość","Prawo i Sprawiedliwość","PiS"
"Anna Cicholska","16","Płock","07-02-1962","Ciechanów","wyższe","25.10.2015 00:00:00","Klub Parlamentarny Prawo i Sprawiedliwość","Prawo i Sprawiedliwość","PiS"
"Katarzyna Czochara","21","Opole","03-11-1969","Biała","wyższe","25.10.2015 00:00:00","Klub Parlamentarny Prawo i Sprawiedliwość","Prawo i Sprawiedliwość","PiS"
"Alicja Kaczorowska","9","Łódź","06-08-1949","Łódź","wyższe","25.10.2015 00:00:00","Klub Parlamentarny Prawo i Sprawiedliwość","Prawo i Sprawiedliwość","PiS"
"Ewa Kołodziej","31","Katowice","02-09-1978","Katowice","wyższe","25.10.2015 00:00:00","Klub Parlamentarny Platforma Obywatelska","Platforma Obywatelska","PO"
"Stefan Strzałkowski","40","Koszalin","31-08-1957","Białogard","wyższe","25.10.2015 00:00:00","Klub Parlamentarny Prawo i Sprawiedliwość","Prawo i Sprawiedliwość","PiS"
"Waldemar Olejniczak","16","Płock","09-12-1961","Przybojewo","wyższe","25.10.2015 00:00:00","Klub Parlamentarny Prawo i Sprawiedliwość","Prawo i Sprawiedliwość","PiS"
"Bartłomiej Stawiarski","21","Opole","01-05-1979","Strzelce Opolskie","wyższe","25.10.2015 00:00:00","Klub Parlamentarny Prawo i Sprawiedliwość","Prawo i Sprawiedliwość","PiS"
"Andrzej Melak","19","Warszawa","07-06-1944","Warszawa","średnie zawodowe","25.10.2015 00:00:00","Klub Parlamentarny Prawo i Sprawiedliwość","Prawo i Sprawiedliwość","PiS"
"Grzegorz Raczak","25","Gdańsk","10-05-1958","Gdańsk","wyższe","25.10.2015 00:00:00","Klub Parlamentarny Prawo i Sprawiedliwość","Prawo i Sprawiedliwość","PiS"
